Frame,AU1L,AU1R,AU2L,AU2R,AU4L,AU4R,AU6L,AU6R,AU9,AU10,AU13L,AU13R,AU18,AU22,AU27
110,1.1999995399143022,1.1999995683261309,1.1999991683705222,1.199999008742,6.166637530784541e-07,5.54616959614723e-07,1.0228104508273983,0.9719900346502772,4.051065211408569e-07,2.751052503991691e-07,1.599164007086331e-06,4.405196922770151e-05,3.8355268275788215e-07,0.1397379820389154,1.199999609854265
111,1.1999999854059988,1.1999999859431272,1.1999999714308742,1.1999999597719166,2.084635299069536e-08,2.10163774108704e-08,1.0356469422860397,0.9756260319267752,1.2149140545176835e-08,9.61279219837552e-09,3.5294036897287653e-08,3.0441020473573976e-06,1.4165378761301923e-08,0.108380280470565,1.1999999099549603
112,1.1999995911443575,1.199999521928713,1.199999113399019,1.1999971172403354,5.26785266826827e-07,7.40119479530816e-07,1.0355529520779851,0.9777371145082786,2.76589467904534e-07,5.113798897599908e-08,5.054153055365799e-07,1.8960562849480634e-06,2.091100811218792e-07,0.07754961464111267,1.1999990920839343
113,1.1999991968827162,1.1999990579142987,1.1999982553671642,1.1999942747087544,1.0327241806629586e-06,1.4592225816507617e-06,1.0354589618699306,0.979848197089782,5.410297952638911e-07,9.266318575362264e-08,9.755365741758721e-07,7.480105225387291e-07,4.040547834824565e-07,0.04671894881166034,1.1999982742129085
114,1.1999999848726484,1.1999999818819989,1.1999999647656756,1.1999998972285533,1.9736290283585468e-08,2.8405467028347766e-08,1.0354113887645229,0.9803942567854114,8.595159305039293e-09,2.8754944877213952e-09,1.7654138294230233e-08,1.5334714325930992e-08,9.191876583584701e-09,0.02881046958467765,1.1999999149463303
115,1.1999999795544432,1.1999999760324516,1.199999951960156,1.1999998694876632,2.6002031382875697e-08,3.648074894082108e-08,1.0356317980500152,0.9803444768620216,1.133102973965243e-08,4.788842748773947e-09,2.109046465244906e-08,3.0071131412932774e-08,1.4987841804806628e-08,0.016764112827865288,1.19999985765492
116,1.1999999825327272,1.1999999792752978,1.199999958915491,1.199999887497119,2.301096537482362e-08,3.217743198464887e-08,1.037520774506723,0.9783881977699838,1.025703562199532e-08,3.738875314401178e-09,1.919614047540628e-08,2.6724025883955623e-08,1.4276095362714432e-08,0.015444302728361923,1.1999998982894664
117,1.1999999855110113,1.1999999825181442,1.1999999658708258,1.1999999055065749,2.0019899366771537e-08,2.787411502847666e-08,1.0394097509634306,0.9764319186779459,9.183041504338209e-09,2.688907880028407e-09,1.7301816298363507e-08,2.3376920354978474e-08,1.3564348920622235e-08,0.014124492628858556,1.199999938924013
118,1.1999999872415306,1.1999999843713491,1.1999999694104024,1.1999998861742969,1.8481823636429878e-08,2.639669157517977e-08,1.0406358105661118,0.9773488464741248,8.533513115537561e-09,2.05616512488246e-09,1.5330790725194824e-08,3.318796169400886e-09,1.4524301847413758e-08,0.01815993664469349,1.1999999391521556
119,1.19999998914569,1.1999999958257574,1.1999999741952156,1.1999999268788895,9.624896014819877e-09,1.7600434107292523e-08,1.0367952320394833,0.9814512950846555,7.93347808107438e-10,-4.7384100748090805e-09,8.469843991054906e-09,7.421193664514099e-09,1.0724440634081527e-08,0.01950900102537283,1.1999999782579236
120,1.1999999910498496,1.2000000072801658,1.199999978980029,1.199999967583482,7.679683932098768e-10,8.804176639405277e-09,1.0329546535128546,0.9855537436951862,-6.946817499322685e-09,-1.153298527450062e-08,1.6088972569149874e-09,1.1523591159627313e-08,6.924579420749298e-09,0.02085806540605217,1.2000000173636918
121,1.199999987495732,1.1999999902337641,1.1999999762611204,1.199999980089064,1.1291903547550827e-08,1.3444168296878657e-08,1.0331459868576551,0.9825824849471892,8.711588802769063e-09,5.815276089974121e-09,1.1637654632275011e-08,8.573670942601293e-08,9.563052295125193e-09,0.02587569040125435,1.1999999958129652
122,1.1999999902252605,1.1999999915137878,1.1999999813672249,1.1999999838824622,9.074253565122535e-09,1.1695675985191194e-08,1.048201613857968,0.9988635429741217,7.324667922429013e-09,6.1606665678752855e-09,1.1292422036701448e-08,5.291539627202099e-07,1.0520282883445226e-07,0.13757039634723223,1.1999996844273557
123,1.199999992954789,1.1999999927938114,1.1999999864733295,1.1999999876758607,6.856603582694246e-09,9.947183673503733e-09,1.0632572408582808,1.015144601001054,5.937747042088963e-09,6.50605704577645e-09,1.0947189441127884e-08,9.72571216014407e-07,2.0084260537377935e-07,0.2492651022932101,1.1999993730417464
124,1.1999999857843746,1.1999999852764454,1.1999999734848437,1.1999999760924709,1.2562395932578218e-08,2.199226929177776e-08,1.0620087541335836,1.0169031702247442,1.3130219789966808e-08,1.4625177223040891e-08,2.6344437395069515e-08,5.520370515299597e-07,0.2170067311868906,0.097211911744578,1.19999973921646
125,1.1999994635534443,1.1999994314202385,1.1999990056546224,1.199999003555496,4.366229550921609e-07,9.90879645387016e-07,1.0638673122343754,1.0190005194585452,4.801523932287514e-07,5.502764124656571e-07,6.680803248018794e-07,9.014675115740117e-06,0.2340933446359787,0.09631224248856003,1.1999980975574556
126,1.199999786820822,1.19999978679861,1.199999610874482,1.1999996098223369,1.8890028299729905e-07,2.95738766156597e-07,1.0677826208421055,1.0203372940720308,1.9272287881989648e-07,1.844669893778625e-07,4.700203619462142e-07,7.885607473617748e-06,0.17339022601121526,0.1589020312397487,1.1999999277392859
127,1.1999996650449885,1.1999996649683915,1.1999993887543383,1.1999993494797871,2.995363188673572e-07,4.5528745715817814e-07,1.0730960615568963,1.024192918085582,2.960657920557777e-07,2.4160573537260555e-07,9.578464769886316e-07,1.3978281251614945e-05,0.051120286780840636,0.2729664944622041,1.1999990607205429
128,1.1999994036842383,1.199999406805742,1.1999989118581789,1.199998763761007,5.442317620385779e-07,7.92382968727776e-07,1.0779233754909985,1.027844095267923,5.334944455373105e-07,4.312994213511782e-07,2.200931287042656e-06,2.2226441353800658e-05,0.00016938398763117172,0.31987669579879496,1.1999981277681566
129,1.1999996264142674,1.1999996271524689,1.1999993180580275,1.1999992378734308,3.4154666596948004e-07,5.007469014491907e-07,1.0805428982504306,1.0316685735934736,3.328845675750545e-07,2.644469530235884e-07,1.3121279698861549e-06,1.6486473107857972e-05,2.409869764987342e-05,0.3213599086286187,1.1999994981538848
130,1.1999997246581031,1.1999997320971914,1.1999995003719994,1.199999437929728,2.536219437682549e-07,3.6452617263859575e-07,1.0821571494464657,1.0328990309183108,2.3962268549343965e-07,1.9442793479052642e-07,6.447084150201285e-07,1.2996770200048025e-05,1.4327173587343747e-05,0.32230532706851545,1.1999999605163651
131,1.1999997366609338,1.1999997381134204,1.1999995301803301,1.1999995020479752,2.3906109084294475e-07,3.5101616888334197e-07,1.0821962316974725,1.0329130006733738,2.355858763285353e-07,1.95652246834696e-07,5.281923948625626e-07,1.1692338079888174e-05,2.2067676047457694e-05,0.32435882599044685,1.1999999068799467
132,1.1999997282247252,1.1999997282964303,1.1999995171076543,1.1999995247295967,2.453495016519709e-07,3.688479953099221e-07,1.0826901786509264,1.0283517077863071,2.4634571560590697e-07,2.1860135852233392e-07,4.2842726311385457e-07,1.0711372932661513e-05,2.0479755092637422e-05,0.3230747802008567,1.1999998922229305
133,1.1999997306429966,1.1999997305046437,1.1999995220352568,1.1999995492833022,2.416841456006505e-07,3.6855357176204683e-07,1.0804167878293998,1.0313040786500325,2.459558787040469e-07,2.2887799395334987e-07,3.2873087926716316e-07,1.0388903879278073e-05,2.4345052403778922e-05,0.3250484856897433,1.1999997300499192
134,1.1999999959870402,1.2000000016741068,1.1999999887399349,1.1999999887482742,4.879111987422893e-09,3.409482912987052e-09,1.0967843943407185,1.0409670095061545,-8.227886408604579e-10,-4.2171555778117e-09,1.3608221565490941e-08,6.250188157737404e-09,0.0039014579838821924,0.3382032409708789,1.1999999997418116
135,1.199999998365703,1.2000000039523002,1.1999999926357383,1.1999999890921071,2.619112027920889e-09,2.273395042452913e-09,1.1103037310498105,1.0511173717739524,-4.170009643135955e-09,-5.354905397556067e-09,2.2307742608796537e-08,-1.1489971985312158e-08,0.03955856972502609,0.3186961042938964,1.1999999849850336
136,1.1999999923316391,1.1999999919970463,1.1999999861932296,1.1999999828615768,6.528222972661315e-09,1.38286618405626e-08,1.1055050983406651,1.0349164823238737,6.848048742437842e-09,8.008228733263538e-09,2.307587809878096e-08,1.6204376369002288e-08,0.0029842062337635945,0.33834285564923056,1.1999999796497909
137,1.1999999971424509,1.2000000028539877,1.199999990439954,1.1999999847686278,3.450383022687011e-09,5.221872215487371e-09,1.1180189515976586,1.0454893334774629,-3.4154685541796485e-09,-3.83642234637992e-09,3.3091374142574195e-08,-1.2795155030410547e-08,0.022402729157596675,0.3255352288208568,1.199999969998594
138,1.1999999965005164,1.2000000014016603,1.199999990019912,1.19999998601766,3.632124628617749e-09,6.395375892202048e-09,1.09768936275548,1.032873782314903,-1.0553483389226638e-09,-2.44221548261253e-09,2.624805047966593e-08,-1.1118784209170691e-08,6.0998708618735204e-05,0.3321625681626222,1.1999999819687968
139,1.1999999971658122,1.2000000033532912,1.1999999911129238,1.1999999844369205,3.282232565203224e-09,5.497188966946099e-09,1.093201320516593,1.0311324738425611,-3.0530534415866697e-09,-4.484878737540859e-09,2.914505940802709e-08,-1.3862710191167938e-08,1.6571309726696382e-05,0.3304203341079099,1.1999999772822303
140,1.1999998750089458,1.199999870261924,1.1999997717462292,1.1999997307126826,9.897915367966844e-08,2.4374773380755325e-07,1.0931858337982905,1.0298703949441754,1.0351083889976551e-07,1.1455762267666387e-07,1.7242313363043782e-07,9.039675067993539e-07,2.418929026505761e-05,0.3288072113163757,1.1999997164907044
141,1.1999997528520792,1.1999997371705566,1.1999995523795346,1.1999994769884448,1.9467607479413367e-07,4.819982786481604e-07,1.0931703470799878,1.02860831604579,2.1007473124111768e-07,2.336001240908686e-07,3.1570120785284856e-07,1.8217977237898758e-06,3.1807270803418835e-05,0.32719408852484144,1.1999994556991784
142,1.1999997912733686,1.1999997781952108,1.1999996216482138,1.1999995536328503,1.6527304641995717e-07,4.0270619504856993e-07,1.0952289448981616,1.0284111613350846,1.742675694998891e-07,1.9037722393475343e-07,2.3196705084775478e-07,1.5545219611760588e-06,1.8122383519654017e-05,0.3261157999276918,1.1999995648187123
143,1.1999998296946583,1.1999998192198649,1.199999690916893,1.1999996302772555,1.3587001804578065e-07,3.234141114489795e-07,1.0972875427163356,1.0282140066243792,1.3846040775866055e-07,1.4715432377863824e-07,1.48232893842661e-07,1.287246198562242e-06,4.437496235889197e-06,0.3250375113305421,1.199999673938246
144,1.1999999978163185,1.1999999989470884,1.1999999949623192,1.1999999937881909,2.062225088105236e-09,4.6350193661844e-09,1.1032587812558243,1.0284769291994416,7.898014730563572e-10,4.1026759284513806e-10,5.155790379993274e-09,-2.691467066349579e-09,3.945000116957777e-07,0.32824392493664656,1.1999999950597993
145,1.199999998370966,1.1999999998929565,1.1999999956723233,1.1999999954043528,1.921407211317954e-09,2.8946039922316507e-09,1.1038636298508417,1.0315896402693503,4.156637125831237e-12,-7.062904356180843e-10,3.9445311165623894e-09,-3.598434033263833e-09,3.270456528393593e-07,0.3282089038880355,1.1999999971711637
146,1.1999999989256136,1.2000000008388243,1.1999999963823271,1.1999999970205146,1.7805893345306718e-09,1.1541886182789014e-09,1.1044684784458592,1.0347023513392593,-7.814881988046948e-10,-1.8228484640813064e-09,2.733271853131505e-09,-4.505401000178086e-09,2.595912939829409e-07,0.32817388283942445,1.199999999282528
147,1.1999999991944,1.2000000004634128,1.1999999974050777,1.199999997912188,1.3302449238808665e-09,8.798184355490191e-10,1.1020733071905189,1.034375412144145,-5.067963513103809e-10,-1.1975873384269289e-09,1.7495851440882732e-09,-2.982961927408737e-09,4.214742098583147e-08,0.3244339586310961,1.1999999998341435
148,1.199999999259839,1.2000000001453461,1.1999999978974794,1.1999999984177168,1.0559451269897852e-09,7.915134638495369e-10,1.099903535686444,1.0351796750843743,-2.0285568312168383e-10,-7.120123732179078e-10,1.2327800048062467e-09,-1.292930824742589e-09,2.097542358520088e-08,0.32193146546689205,1.1999999997698336
149,1.199999999325278,1.1999999998272797,1.1999999983898808,1.1999999989232455,7.816453300987038e-10,7.032084921500546e-10,1.097733764182369,1.0359839380246034,1.0108498506701321e-10,-2.2643740800888668e-10,7.1597486552422e-10,3.9710027792355887e-10,-1.965738154297112e-10,0.319428972302688,1.1999999997055235
150,1.199999827036698,1.1999998310356537,1.1999996827019797,1.1999995132569807,1.6041396318736686e-07,2.2331871048637185e-07,1.0962437284223598,1.038098833326045,1.5103632376133196e-07,1.3788005451796644e-07,5.908328614280232e-07,1.074948720548126e-05,3.716166215550382e-06,0.3174451713615961,1.1999998188458003
151,1.1999998840249484,1.1999998886324803,1.1999997855360147,1.199999672459429,1.0854793932416302e-07,1.4934423143991512e-07,1.1028102986156638,1.043994194267738,9.923844094092564e-08,8.976619907888115e-08,3.9779775012983895e-07,7.165628347149619e-06,4.243039842703967e-06,0.3232257909734203,1.1999998746057026
152,1.199999941013199,1.1999999462293067,1.1999998883700496,1.1999998316618772,5.668191546095918e-08,7.536975239345836e-08,1.1093768688089676,1.049889555209431,4.744055812051931e-08,4.165234363979586e-08,2.0476263883165472e-07,3.5817694888179768e-06,4.769913469857552e-06,0.32900641058524444,1.1999999303656046
153,1.1999999980014493,1.2000000038261334,1.1999999912040846,1.1999999908643255,4.815891597755336e-09,1.3952733470016147e-09,1.1159434390022716,1.055784916151124,-4.3573246998870095e-09,-6.461511799289432e-09,1.1727527533470473e-08,-2.089369513666385e-09,5.296787097011137e-06,0.3347870301970686,1.1999999861255068
154,1.1999998419882163,1.1999998475225255,1.1999997088944052,1.1999995704938282,1.474262707171291e-07,1.986385875625547e-07,1.0982001964666268,1.0405336497619573,1.3711586175927075e-07,1.241290293096733e-07,5.726189195650383e-07,1.0230578205257694e-05,3.124745118224051e-06,0.31441909611997115,1.1999998483331866
155,1.1999998335994464,1.1999998400094243,1.1999996948225062,1.1999995125657135,1.5433627140894999e-07,2.1489521942886355e-07,1.094260677453487,1.0355199578920948,1.4714668703962742e-07,1.416067038829934e-07,1.214000611823887e-06,8.637117407310557e-06,3.497002061680061e-06,0.308882918337284,1.1999998603616686
156,1.1999998252106765,1.199999832496323,1.199999680750607,1.1999994546375987,1.6124627210077087e-07,2.311518512951724e-07,1.0903211584403474,1.0305062660222322,1.5717751231998407e-07,1.590843784563135e-07,1.8553823040827359e-06,7.04365660936342e-06,3.869259005136071e-06,0.3033467405545968,1.1999998723901508
157,1.1999995558923768,1.1999995544889634,1.1999991785275153,1.1999993758164589,3.6253135754442217e-07,6.323528631534379e-07,1.094915275686544,1.0342990934932152,3.740539094918314e-07,3.5112190380593216e-07,3.892047205234347e-07,1.3697189023335041e-06,0.00012725741834178548,0.30666474781762953,1.1999985089978324
158,1.1999997035438201,1.1999997071899289,1.1999994524403257,1.1999995106086172,2.513532112895598e-07,4.093454769818626e-07,1.0954471469838194,1.0365937479289817,2.5470325808684156e-07,2.4865597991899404e-07,1.579466873454632e-06,2.9250666968968627e-06,6.597197131535952e-05,0.3078276598742052,1.1999992066374017
159,1.1999998511952636,1.1999998598908943,1.199999726353136,1.1999996454007753,1.401750650346974e-07,1.863380908102873e-07,1.0959790182810951,1.0388884023647484,1.353526066818517e-07,1.4619005603205586e-07,2.76972902638583e-06,4.480414491460221e-06,4.6865242889335615e-06,0.30899057193078083,1.199999904276971
160,1.1999998359727098,1.1999998662814004,1.1999996721399258,1.1999997030043574,1.5261388416489478e-07,1.9283881222903475e-07,1.0913842155588656,1.0400142203458622,1.0279578814415867e-07,5.4538231206214485e-08,1.9004379545681601e-07,3.954508775354255e-07,6.658099250257968e-08,0.3074266013886467,1.199999733033012
161,1.1999999167194606,1.1999999321000454,1.199999833477113,1.1999998486835057,7.74730303415222e-08,9.804690816814365e-08,1.0924301270186318,1.039142125528201,5.215677634372729e-08,2.778519073175654e-08,9.641065442783087e-08,1.9791404375563484e-07,3.382011652883405e-08,0.30783925748601165,1.1999998631910023
162,1.1999999974662114,1.1999999979186904,1.1999999948143,1.1999999943626538,2.332176518149627e-09,3.2550041072525485e-09,1.093476038478398,1.0382700307105397,1.5177645432959064e-09,1.0321502572985918e-09,2.777513398845712e-09,3.7720997584419895e-10,1.0592405550884132e-09,0.3082519135833766,1.1999999933489924
163,1.1999998245541148,1.199999834389564,1.1999996772735806,1.1999997292123217,1.5788904289196488e-07,2.0365239326653602e-07,1.0901085786921991,1.03732994672517,1.4617545012316088e-07,1.1577856867131145e-07,1.2991042122952312e-06,4.6122070061894684e-06,7.013562588815144e-06,0.3039279955419407,1.1999996985220691
164,1.1999997043097723,1.1999997097307413,1.1999994379563919,1.1999993879732944,2.53363036854377e-07,3.8359163617794215e-07,1.0895200557361915,1.0374579419173504,2.3159772492440058e-07,2.001225961877742e-07,8.611940041666334e-07,3.45470474147157e-06,6.512766790504286e-06,0.303602633362055,1.199998558639368
165,1.1999995840654298,1.1999995850719185,1.1999991986392031,1.1999990467342674,3.488370308167891e-07,5.635308790893483e-07,1.088931532780184,1.0375859371095308,3.170199997256403e-07,2.8446662370423694e-07,4.232837960380355e-07,2.2972024767536707e-06,6.011970992193428e-06,0.3032772711821693,1.1999974187566669
166,1.199999833507364,1.1999998435706656,1.1999996922145326,1.199999708902754,1.5420016493307813e-07,1.936002678971924e-07,1.087503279816104,1.038538419146121,1.4673672520197035e-07,1.4404648009373585e-07,1.6701245486588214e-06,6.835750337226672e-06,2.065355164715166e-06,0.3029958722075348,1.1999997985966084
167,1.1999995483019619,1.1999995490609638,1.1999991195808593,1.1999989323469031,3.838971480271617e-07,6.112637130661566e-07,1.0868114831503095,1.0423215644545674,3.3944215651298837e-07,2.993851583175366e-07,4.902491766803826e-07,1.2698961808761262e-06,1.7089047580143703e-06,0.300266048555475,1.1999969595766204
168,1.1999995853985082,1.1999995994946948,1.1999992234973509,1.1999992482910748,3.483285245098405e-07,5.247319198050026e-07,1.0883760521108643,1.0414217248051294,3.336089913795585e-07,2.818453697603907e-07,5.655734135331747e-07,4.6473616588681954e-06,3.1911455120864044e-05,0.30086332492937595,1.199998352528574
169,1.1999996725062578,1.1999996847715344,1.1999993870237204,1.1999994290442375,2.917942600002173e-07,4.080481725153581e-07,1.0684471333073429,1.0210279172311747,2.72467341233336e-07,2.170268488639598e-07,5.134715140866297e-07,7.841988686715971e-06,1.686562160416745e-05,0.2811197715653623,1.1999990671132994
170,1.1999997596140073,1.199999770048374,1.19999955055009,1.1999996097974,2.352599954905941e-07,2.913644252257135e-07,1.0485182145038212,1.0006341096572198,2.1132569108711354e-07,1.5220832796752887e-07,4.613696146400846e-07,1.1036615714563748e-05,1.819788087470857e-06,0.2613762182013486,1.1999997816980246
171,1.1999999966997568,1.1999999976853266,1.1999999930297096,1.1999999945401407,3.010266399811718e-09,4.1661206756577954e-09,1.0674309346003084,1.0163273965628845,1.277728868698382e-09,2.6936253303552593e-10,4.0702134997365666e-09,-1.8392748974099345e-09,3.254703093285762e-08,0.27615976409194404,1.1999999928812577
172,1.199999909375105,1.199999914719867,1.1999998327519656,1.1999997746867659,8.644767080048052e-08,1.1474993232329667e-07,1.0699456077342395,1.0197134942900588,7.624778507803111e-08,5.973571626160294e-08,3.5228564425924313e-07,3.820236326468079e-06,8.197160673197429e-07,0.27985333086126435,1.199999907878528
173,1.1999998220504533,1.1999998317544076,1.1999996724742217,1.1999995548333908,1.698850752011493e-07,2.2533374397093554e-07,1.072460280868171,1.023099592017233,1.5121784128736385e-07,1.1920206999017035e-07,7.005010750187497e-07,7.642311927833568e-06,1.606885103706628e-06,0.28354689763058466,1.1999998228757984
174,1.1999999103484362,1.1999999161023447,1.1999998344988205,1.1999997760376369,8.55189764232839e-08,1.1326113527481998e-07,1.0742823323542692,1.0221374291229413,7.510217484685294e-08,5.891944971332018e-08,3.5234476370734997e-07,3.819602934016791e-06,8.133246304148269e-07,0.2869425805372729,1.1999999118391573
175,1.1999999986464194,1.2000000004502815,1.1999999965234194,1.1999999972418829,1.1528776454185087e-09,1.1885265787044165e-09,1.0761043838403674,1.0211752662286495,-1.0134915936579575e-09,-1.3631705635300038e-09,4.188452395950256e-09,-3.106059799984941e-09,1.976415712302561e-08,0.29033826344396113,1.2000000008025162
176,1.1999999983981344,1.2000000000620612,1.19999999604466,1.1999999968568082,1.408894903209549e-09,1.5036276352285705e-09,1.0820899824317227,1.0209020838102294,-8.011773748229492e-10,-1.2223531132937327e-09,3.844816501587029e-09,-3.173885300629967e-09,2.177935450512856e-08,0.2917110720623698,1.2000000001571824
177,1.1999999973714155,1.1999999987527687,1.199999993955433,1.1999999950980151,2.349169987762802e-09,3.2125565702327762e-09,1.0728555282910908,1.0121191991440148,2.900451991059241e-10,-9.80244880254178e-10,3.7046460848050003e-09,-2.7862219232812553e-09,3.261889012989487e-08,0.28573157696384,1.1999999967713109
178,1.1999999963446966,1.1999999974434763,1.1999999918662063,1.199999993339222,3.289445072316055e-09,4.921485505236981e-09,1.0636210741504588,1.0033363144778005,1.3812677730347974e-09,-7.381366472146233e-10,3.564475668022972e-09,-2.398558545932544e-09,4.345842575466118e-08,0.27975208186531025,1.1999999933854395
179,1.1999999955226983,1.1999999984339882,1.1999999886396409,1.1999999885315158,3.6206990522398775e-09,6.013753662337942e-09,1.0566926223583528,0.9977820988768774,-8.367385611101329e-10,-3.063712434506813e-09,4.290946836947903e-09,-6.7642516142286805e-09,6.326853885129397e-08,0.2757428900107373,1.1999999896327809
180,1.1999999938699353,1.1999999964019343,1.1999999833303885,1.1999999820433431,6.33134984748928e-09,9.209255141475301e-09,1.0618016655571954,1.0039589984563144,-2.69450107566297e-10,-1.849899408048075e-09,5.989828991488111e-09,-5.758509860474322e-09,9.024638706255403e-08,0.29421036727769984,1.1999999568792303
181,1.199999994509538,1.1999999972662685,1.1999999855401735,1.1999999839700668,5.250546021958698e-09,7.971995213265142e-09,1.054141354103736,1.0020288415892118,-4.590144289307718e-10,-2.5205681675682197e-09,5.423532746616692e-09,-6.359819324605237e-09,8.457307569128977e-08,0.2844692488858972,1.1999999747063617
182,1.199999993476024,1.1999999958785155,1.1999999826326921,1.19999998044114,6.889082858843647e-09,9.819622825186098e-09,1.065369764965299,1.0064935749087232,3.8943272006572145e-10,-1.672383500306902e-09,6.536162804329133e-09,-5.1561796866049095e-09,9.239247743644693e-08,0.29173177735661093,1.199999956812218
183,1.1999999924425098,1.1999999944907624,1.1999999797252108,1.1999999769122134,8.527619695728596e-09,1.1667250437107054e-08,1.0765981758268617,1.0109583082282347,1.2378798690622147e-09,-8.241988330455843e-10,7.648792862041575e-09,-3.952540048604583e-09,1.0021187918160408e-07,0.2989943058273246,1.1999999389180742
184,1.1999999888881805,1.1999999898096774,1.1999999713210472,1.1999999630806613,1.4129857644077337e-08,1.9048086221516987e-08,1.0735808343180862,1.012903766399868,5.31298969031699e-09,2.838278148762012e-09,1.1677778987000459e-08,3.93623486217252e-09,1.2753646102584368e-07,0.2995892413110531,1.1999998629624031
185,1.1999999912262673,1.1999999927883604,1.1999999773201089,1.1999999735940055,1.0431626592003475e-08,1.4012992323008532e-08,1.0705334715967199,1.0106963857871893,2.8964048745404134e-09,7.497832584816454e-10,9.101710257508211e-09,-4.3388992156928e-10,1.1065126226722897e-07,0.29731668970202974,1.1999999120692504
186,1.1999999935643544,1.1999999957670435,1.1999999833191708,1.1999999841073496,6.733395539929614e-09,8.977898424500076e-09,1.0674861088753536,1.0084890051745108,4.798200587638372e-10,-1.3387116317987208e-09,6.525641528015965e-09,-4.804014705311081e-09,9.376606350861427e-08,0.29504413809300634,1.1999999611760979
187,1.199999993621956,1.1999999955203575,1.1999999835234212,1.1999999826879928,6.802807310003538e-09,9.276600259801113e-09,1.06141934808483,1.0037932383751254,1.1009797213987834e-09,-1.0530167152368732e-09,6.8035223333935675e-09,-4.044843466461844e-09,9.07464807414898e-08,0.29172201978194323,1.199999962653314
188,1.1999999931170597,1.1999999949086728,1.199999981836858,1.199999979235331,7.661438132056604e-09,1.0637322433207837e-08,1.0625403209628588,1.0013689897388334,1.5410855259915852e-09,-8.213421261330941e-10,7.498721183340588e-09,-3.5522291937737648e-09,9.592344388687943e-08,0.2902140719731472,1.1999999535617198
189,1.1999999926121636,1.199999994296988,1.1999999801502952,1.1999999757826696,8.520068954109672e-09,1.1998044606614562e-08,1.0636612938408874,0.9989447411025412,1.981191330584387e-09,-5.896675370293149e-10,8.193920033287609e-09,-3.0596149210856852e-09,1.0110040703226905e-07,0.28870612416435115,1.199999944470126
190,1.199999991115872,1.1999999920623066,1.199999976217529,1.1999999661399188,1.09708668677123e-08,1.5466049605637405e-08,1.0722589129496505,0.9918617241498356,4.415358558877425e-09,1.1301917825830626e-09,1.0420276539340912e-08,3.694165968664074e-10,1.114015972945059e-07,0.2876353568881255,1.1999999161814692
191,1.1999997850221071,1.1999998305233763,1.1999995974884956,1.1999980721323737,1.1771480730129031e-07,9.032456533555407e-08,0.9014285741004914,0.8375124647411238,1.5149500256303935e-07,7.006023747939695e-08,2.0973107194817022e-07,5.656314400692231e-08,3.550563793852181e-07,0.14420950754548673,1.1999999598743893
192,1.1999995789283422,1.1999996689844463,1.199999218759462,1.1999961781248285,2.2445874773486834e-07,1.6518308106547073e-07,0.7305982352513323,0.6831632053324121,2.9857464656720124e-07,1.3899028317621085e-07,4.0904186735699957e-07,1.1275687141697822e-07,5.987111614759303e-07,0.0007836582028479194,1.2000000035673095
193,1.199999704691408,1.1999997702117629,1.1999994770231956,1.1999976526313931,1.7937180104580438e-07,1.5715786813608623e-07,0.5634554100238558,0.5342285711149737,1.8139136425605534e-07,7.630342471169121e-08,2.3615618527104588e-07,8.926781596372638e-08,2.9074939959920076e-07,0.0003918295450074855,1.1999999670886394
194,1.1999998304544737,1.1999998714390796,1.1999997352869296,1.1999991271379575,1.3428485435674046e-07,1.491326552067017e-07,0.3963125847963794,0.3852939368975353,6.420808194490945e-08,1.361656624717158e-08,6.327050318509222e-08,6.577876051047454e-08,-1.7212362277528746e-08,8.871670516646834e-10,1.1999999306099691
195,1.1999998925299682,1.19999992595132,1.1999998450313178,1.1999995696289192,1.9796671563168418e-07,1.4822166932608702e-07,0.25851294289960347,0.26445660883310274,4.236236482754017e-08,3.2662225990826277e-09,3.173148639442659e-08,3.2447139225118005e-08,-1.6125916137875425e-08,-1.783001031573388e-09,1.1999999697127661
196,1.1999999546054625,1.1999999804635606,1.1999999547757063,1.2000000121198808,2.616485769066279e-07,1.4731068344547234e-07,0.1207133010028276,0.14361928076867012,2.0516647710170883e-08,-7.084121049006327e-09,1.9246960376096025e-10,-8.844820602385277e-10,-1.503946999822211e-08,-4.45316911481146e-09,1.2000000088155631
197,1.199999946310723,1.1999999120663418,1.1999999497594032,1.1337088597367229,3.5969026832405315e-08,3.613608996088797e-07,0.10873935602404207,0.2100507104228249,3.3224655176321635e-08,9.096288884737777e-09,2.8012887264969404e-08,1.3434768354223987e-08,2.593330716629037e-09,4.1534578778341135e-09,1.1999999894486488
198,1.1999999484268127,1.1999999306124836,1.1999999501021428,1.1248569812470985,5.063057179920812e-07,1.8223640935451486e-07,0.24779580759292036,0.2661175497198765,2.286332422150755e-08,3.1617467801797342e-09,1.6387562766727653e-08,2.1037269922355625e-08,-7.128055839850461e-09,7.655297420518794e-10,1.1999996297843776
199,1.1999999505429024,1.1999999491586255,1.1999999504448826,1.1160051027574744,9.76642409151757e-07,3.1119191001500053e-09,0.3868522591617986,0.3221843890169281,1.2501993266693468e-08,-2.772795324378309e-09,4.762238268485906e-09,2.8639771490487266e-08,-1.6849442396329958e-08,-2.6223983937303546e-09,1.199999270120106
200,1.1999996780233202,1.199999682490781,1.1999993801942632,1.0443946227486685,6.856939030911245e-07,1.403927072584416e-06,0.4194469999949816,0.3370349551385336,1.1183581450721578e-07,4.959142191186248e-08,1.3831517938608055e-07,1.690572328059965e-07,1.6418408746056223e-08,3.3916988037451073e-08,1.1999998546160109
201,1.1999995038919238,1.199998942281761,1.1999987155372025,0.991799711327537,2.2876057098467087e-06,0.0011248311286443447,0.4361164861671168,0.3500479210333578,1.8038581897072576e-07,8.115082399209457e-08,2.2918231583779798e-07,2.525392172606606e-07,2.7261174946519946e-08,5.775541584942572e-08,1.1978937616858485
202,1.1999993297605271,1.1999982020727409,1.1999980508801418,0.9392047999064056,3.889517516602293e-06,0.0022482583302161053,0.452785972339252,0.363060886928182,2.489358234342358e-07,1.1271022607232664e-07,3.200494522895154e-07,3.360212017153247e-07,3.810394114698367e-08,8.159384366140037e-08,1.195787668755686
203,1.1999994112057997,1.1999985726359608,1.199998216543936,0.9027023025776781,8.022287461452468e-06,0.028299356524734566,0.4667981940106294,0.36823576028103544,1.9515530011392414e-07,7.509394127567757e-08,2.532589553274328e-07,2.6189038383658743e-07,3.3317264944207404e-08,6.184443737424333e-08,1.1594058302881116
204,1.1999994926510722,1.1999989431991804,1.1999983822077305,0.8661998052489508,1.215505740630264e-05,0.05435045471925303,0.4808104156820068,0.3734106336338888,1.4137477679361253e-07,3.7477656479028514e-08,1.8646845836535016e-07,1.8775956595785013e-07,2.8530588741431136e-08,4.20950310870863e-08,1.1230239918205371
205,1.1999998363001232,1.1999996165395654,1.1999995007109907,0.8259031152059709,6.2068931775654e-06,0.08050086864475471,0.4799833408179207,0.3781826989780424,5.705978739379349e-08,3.0463130172670334e-08,7.676920629072043e-08,6.908467112651128e-08,8.552727428073158e-09,1.3354754512594254e-08,1.0848897111499718
206,1.1999999836379347,1.1999999092532203,1.1999996782665732,0.7971270389178989,3.2664295736789026e-06,0.09782399440599844,0.4882098362544482,0.3843265122264309,3.1450237847010143e-08,8.120925569019799e-08,9.793886565105582e-08,8.573889497371457e-08,1.251978431294573e-09,6.754958504204191e-09,1.0397130225617923
207,1.1999999836822814,1.1999999336188272,1.19999947709104,0.7664915877817277,0.0371253409296932,0.1287658725265133,0.5087175618597458,0.394771819484751,1.8446296661770573e-08,3.2037596944125617e-08,5.417474849407216e-08,5.348690700109302e-08,1.900018705843706e-09,1.1371957161924328e-08,0.9910078064246108
208,1.1999999887335326,1.199999788046228,1.1998093119545479,0.7353009081580105,0.07905726489073528,0.1507289524945996,0.5268557939967419,0.4055403133624137,1.3960597312018672e-08,4.1148218073511206e-08,5.268111005591796e-08,3.3964210366009686e-08,1.4991566760504023e-09,7.044410413230594e-09,0.942064830723288
209,1.1999999942066015,1.190578527485583,1.1754409432505777,0.7058874834902502,0.11106437096854196,0.1610800236759061,0.5384063907936877,0.41964188252236057,5.056432878374366e-09,1.2515322467936685e-08,1.0359689800192522e-07,2.5662001597010863e-08,7.026022589169208e-10,2.651382057282635e-09,0.8895950627795439
210,1.1999999946825448,1.1564894714870932,1.1495068091840612,0.6790626453318559,0.1385061374623114,0.1674885673796773,0.5513344857390721,0.4322674729655001,9.563361346885813e-10,-2.341730508827621e-09,1.0512433320496526e-08,1.4780396282076792e-07,-2.0891324802964604e-09,-1.1224380742264053e-10,0.8396527941055791
211,1.1999999958013863,1.132693654858628,1.1172388352949743,0.671610397091971,0.1599267855089342,0.17971278294926718,0.5592869911545575,0.4328922096285796,4.043270884462007e-09,3.4927455479381766e-08,1.872233286428947e-07,1.1570607061944894e-07,-3.970845656802754e-09,3.989068192078525e-10,0.801203389896769
212,1.199999996920228,1.1088978382301629,1.0849708614058873,0.6641581488520861,0.18134743355555696,0.19193699851885704,0.5672394965700428,0.4335169462916591,7.1302056342354324e-09,7.219664146759116e-08,3.6393422396529285e-07,8.360817841812995e-08,-5.8525588333090466e-09,9.100574458383456e-10,0.7627539856879589
213,1.1999999682546338,1.0718607523143266,1.0622292604383627,0.6253425963370061,0.20289287057742889,0.1727268878987685,0.5565382365212213,0.44126666482125976,2.2525397633076808e-08,1.3676426252826127e-07,0.0353492061402487,0.021117883522695256,3.2689174504347656e-09,1.6943821916203622e-08,0.7134558837387658
214,1.199999574063522,1.0507669318756157,1.030761940557342,0.6127669245505017,0.2228582630285135,0.1770348029925722,0.560921031061034,0.4491838606210162,3.0276719261093515e-07,3.646225415496651e-06,0.06994526612665553,0.053063456930757424,4.248918521654722e-08,2.3163341295513262e-07,0.6689412724408808
215,1.1999991798724106,1.0296731114369044,0.9992946206763214,0.6001912527639974,0.2428236554795981,0.18134271808637592,0.5653038256008467,0.4571010564207726,5.830089875887934e-07,7.155686568465041e-06,0.10454132611306233,0.0850090303388196,8.170945298265967e-08,4.463230039940616e-07,0.6244266611429957
216,1.1999995886119663,1.068992721586514,0.9699475031937652,0.5910968175751763,0.24635509987715565,0.20191612708512638,0.6603995626021999,0.5395935570411059,2.9234688812409544e-07,4.351958932400267e-06,0.17565117577058326,0.18264107427908272,7.108680900028157e-08,0.07344848119440307,0.5580158093672283
217,1.1999999973515223,1.1083123317361236,0.9406003857112092,0.5820023823863553,0.2498865442747132,0.22248953608387684,0.7554952996035531,0.6220860576614391,1.6847886593975194e-09,1.5482312963354929e-06,0.2467610254281042,0.2802731182193458,6.046416501790348e-08,0.14689651606580215,0.4916049575914607
218,1.1999999982031724,1.0585072891560376,0.9013216428504538,0.5445560065764307,0.2740563902610849,0.2136585403092021,0.7303655183546414,0.5919588180759625,8.794414352605207e-10,4.7521672438456547e-07,0.2447215192896637,0.29011373857408906,2.6722634053382108e-09,0.1387186868093929,0.4668064765952497
219,1.1999999378704636,0.9593858029457734,0.8676958383976789,0.5117569291440571,0.2985712530261431,0.1904255624950655,0.6749122445491341,0.5311184625008725,1.122199800967204e-08,3.467724490072738e-06,0.21476165103375527,0.2561113136781746,1.1645522309312873e-08,0.02296164557396464,0.4825391756519769
220,1.164077746141982,0.8558278857869666,0.8075688952141219,0.4325899079934332,0.3080116251513301,0.15139871480687755,0.6064590382543545,0.4690951858226173,9.812910903930385e-10,-6.247694272919113e-10,0.18108030488918234,0.20076607587675604,-8.794103034824681e-11,1.5384784581103482e-07,0.4554530871287045
221,1.0650852846917571,0.7799305357707474,0.7482052694140606,0.4028586159503031,0.2862197724302392,0.1265605129474451,0.5442621006049521,0.43071677798131897,5.529439690602714e-07,2.8252416848697238e-06,0.1811465082976,0.16991393124620918,-6.9197484335008455e-09,1.0717190815030605e-08,0.4245051696687354
222,1.0081211569423545,0.7136395173916387,0.6775714497904006,0.3632564692845764,0.28913249105114586,0.11195523194144327,0.5437878908427686,0.4179860321972916,3.149625515721891e-08,3.290444672213105e-08,0.16085787907096435,0.18218429931127472,1.7634380896489924e-08,7.922837337084406e-07,0.39592300925676666
223,0.9194042739184376,0.663537790045162,0.5949346191196143,0.33207343479741924,0.2600667159750397,0.0964091036360895,0.4794832237026528,0.39373523436135904,2.932428012779799e-09,2.3564537354503254e-08,0.22229053429733286,0.16111248079450416,-2.4857969002959264e-09,-2.4578635951595896e-09,0.3642278453104691
224,0.8483043011857635,0.6078242693846891,0.5319017056820226,0.2889199197799253,0.2391719471671881,0.08534597116553347,0.4705358226767094,0.38143275158102696,1.372948362141868e-08,4.542161200521879e-08,0.15195520116401473,0.1559017786864041,2.4912332986960078e-09,3.2495843995155334e-08,0.3496175728997273
225,0.7866774191951555,0.5547573552510775,0.4834479403861481,0.25826848495151433,0.22464488305986632,0.07181781705295365,0.4523657958813146,0.3582493121421028,2.8068893053057052e-08,4.994608715770207e-08,0.12509010707032994,0.134190277256607,5.631236091898097e-09,2.4024836745556397e-07,0.3401119858677023
226,0.7465223068488669,0.517018138495305,0.4394501026917695,0.2288871663457177,0.23072264902993206,0.05074736606411665,0.4495519930714387,0.3356032970469134,2.9344310844342587e-10,2.0834277018092786e-10,0.10142738827111933,0.136813031266886,2.160957462848613e-10,4.327773292684595e-07,0.33254246530064674
227,0.6909204846467596,0.47428904062543314,0.3933066460511177,0.20022271762995963,0.21167987816261002,0.03468664205091962,0.43016327570144497,0.3218399460007754,2.3999015560123423e-08,1.996895413722517e-08,0.10224066005299717,0.14318330341366622,2.7696493977297996e-09,3.0789474843527314e-07,0.31440299905493374
228,0.6353186624446523,0.4315599427555613,0.3471631894104659,0.17155826891420156,0.192637107295288,0.018625918037722587,0.4107745583314512,0.30807659495463746,4.770458801180342e-08,3.9729565504269415e-08,0.10305393183487503,0.14955357556044646,5.323203049174738e-09,1.8301216760208682e-07,0.2962635328092207
229,0.6185270342636533,0.4198244338814369,0.3345205478069521,0.16557827511019804,0.19348172445646414,0.016710824348630228,0.4168273808796034,0.31633639845935624,1.3677761600343626e-08,8.328127323326969e-09,0.10742112314549894,0.1406410850739924,8.284487490630659e-09,1.50863172930539e-05,0.2814080177715828
230,0.5937447184232636,0.3913377165071379,0.31751110588963694,0.1591175072881295,0.19448799104242254,0.010499529334411645,0.4024986213763522,0.31885467864175976,5.2013014915691335e-09,2.811674680927517e-08,0.12003960089235952,0.14651600216764163,0.00809883534857842,0.049851949761389125,0.22928447504953797
231,0.568962402582874,0.3628509991328388,0.3005016639723218,0.15265673946606095,0.19549425762838094,0.004288234320193061,0.3881698618731009,0.3213729588241633,-3.27515861720536e-09,4.790536629522337e-08,0.13265807863922008,0.15239091926129086,0.01619766241266935,0.0996888132054852,0.17716093232749314
232,0.5250224796611335,0.34398108130451943,0.26991480909359766,0.14204050365577592,0.17600210588572954,0.0021441802418283693,0.36855048103327576,0.3225289052077621,4.7678303800173006e-08,1.8325439316769297e-08,0.13520383027502048,0.14620783905207432,0.0279418614133188,0.08670104113716351,0.16439007500407363
233,0.4810825567393929,0.3251111634762,0.23932795421487355,0.13142426784549088,0.15650995414307814,1.2616346367788367e-07,0.34893110019345064,0.323684851591361,9.863176621755136e-08,-1.125448766168478e-08,0.1377495819108209,0.14002475884285778,0.03968606041396825,0.07371326906884182,0.15161921768065412
234,0.4325375261567281,0.2847922491084749,0.2140903316113258,0.11652585310582332,0.13718746116746078,1.4621468953991166e-07,0.3286135613807685,0.32932888626725804,5.864433334406457e-07,-2.868079021227581e-08,0.12364180749672725,0.16796431313656998,6.793938221719585e-08,0.02144137831738261,0.15811206618533233
235,0.4326707725900135,0.2905154962575016,0.20840711037536475,0.10139923587810397,0.14474048478778478,-1.3116533051355848e-08,0.3430215867267722,0.3541769925947607,2.4494517977858317e-07,-1.8053408541376404e-08,0.14176831707484686,0.1888624315098353,3.297564080637772e-08,0.0581666521292811,0.1333569677040361
236,0.4062186583778011,0.2787107992113688,0.18245735284008144,0.10052743641785154,0.1367323063371432,-5.687359497129488e-09,0.3304548843839399,0.37683751495697104,1.3602609338323346e-07,-1.7834290731629174e-08,0.1503173042578749,0.17688912104469634,0.11064728745290664,7.3184623726467924e-06,0.11558864825777153
237,0.3788709266380341,0.2645674373324852,0.1719149019042191,0.09715117848472556,0.12901688179958307,3.827594818188318e-09,0.31761442220763203,0.40333930914113336,1.7005871705999315e-07,-1.1413038753289346e-08,0.16000845739137792,0.2030780160598223,0.07880298528578564,0.012508112699249233,0.10363023992285492
238,0.3515231948982671,0.2504240754536017,0.16137245096835673,0.09377492055159957,0.12130145726202295,1.3342549133506123e-08,0.3047739600313241,0.4298411033252956,2.0409134073675282e-07,-4.9917867749495176e-09,0.16969961052488092,0.2292669110749483,0.04695868311866463,0.02500890693612582,0.0916718315879383
239,0.3256254592464077,0.23367363973122776,0.14560205919907998,0.08520773251970097,0.11507798444273602,5.743133482160766e-08,0.3023590810667352,0.4517457028243405,5.319106249480999e-07,-1.6853542827825492e-08,0.1820715913536022,0.2789862979768344,4.1069505005615785e-05,0.04161193174720311,0.08383775747597845
240,0.30238879372179983,0.21536914676454152,0.12552151123294267,0.0790484012128289,0.1066182241341922,3.6487686083493475e-08,0.2954964739883249,0.46192986895983684,2.8746908125635306e-07,-5.276113574798502e-09,0.20407330956680536,0.29208972347237405,0.01457447175035861,0.03233055422658358,0.06939892227702052
241,0.27915212819719193,0.1970646537978553,0.10544096326680537,0.07288906990595682,0.09815846382564836,1.5544037345379288e-08,0.2886338669099146,0.4721140350953332,4.302753756460622e-08,6.301315678228489e-09,0.2260750277800085,0.3051931489679138,0.029107873995711606,0.023049176705964063,0.05496008707806258
242,0.2682839701857618,0.193782435279798,0.10054424802248244,0.06675478632070647,0.09803612608735188,1.6152011372550824e-08,0.2912194819787397,0.4892912520392554,-2.8785512587623817e-08,9.38351218999632e-08,0.25069393445029514,0.33733275695818826,2.4085940041226755e-07,0.024360746328108508,0.04162801143214813
243,0.24789728656515608,0.181477500795176,0.08781193107382582,0.06234985937410927,0.09298020556711331,3.8915996284301435e-08,0.2858260798924312,0.5117413755311162,-3.6035133568193398e-09,6.763490744409379e-08,0.2748208957369433,0.3589947844467526,1.240613163747015e-07,0.019270839950133473,0.029548422449448993
244,0.2275106029445504,0.169172566310554,0.07507961412516921,0.05794493242751207,0.08792428504687473,6.167998119605204e-08,0.2804326778061227,0.5341914990229769,2.1578485873985134e-08,4.143469298822438e-08,0.29894785702359145,0.380656811935317,7.263232337135456e-09,0.014180933572158437,0.017468833466749857
245,0.20303564203871027,0.1578984149196036,0.055763239443729726,0.05212400790574311,0.07797573846470857,3.2342223009143576e-08,0.27302938276784666,0.5437963456682235,1.4136151074673611e-08,0.0002130512354235229,0.32155164993926766,0.4106455515146975,1.0382491619853163e-08,0.007090471001232497,0.008734422065275794
246,0.17856068113287016,0.1466242635286532,0.03644686476229023,0.04630308338397415,0.06802719188254239,3.0044648222351158e-09,0.26562608772957064,0.5534011923134702,6.693816275362086e-09,0.0004260610361540576,0.3441554428549439,0.440634291094078,1.350175090257087e-08,8.43030655708087e-09,1.0663801729232624e-08
247,0.16107804699286682,0.13674468449461236,0.02680518277297024,0.06343969844037889,0.06265146556154373,2.0477495784905907e-08,0.26316765295346684,0.5491173106104121,2.2725682542744256e-07,0.01872248429277516,0.35244352647438515,0.4308137277066579,0.01499926562877901,6.635853016463025e-09,1.5722991528708765e-07
248,0.14951212661100516,0.12399213772473568,0.02457428334488589,0.0549018260454783,0.06629309713014384,6.514084510813149e-09,0.2522388000674187,0.5623746564903719,7.627612666350329e-09,0.027223242394773882,0.3646641204800814,0.4628386634589861,5.325062429673194e-09,4.624596701282175e-09,-4.489650040542865e-10
249,0.12758005093755728,0.1049335136779827,0.0020128789443294324,0.011789811282180537,0.05109536371857255,1.1465595582929487e-09,0.25053741928412043,0.5780005630830501,2.9039632680950794e-09,0.04356606798593008,0.3756969319253003,0.4670784326043401,1.634500092165168e-09,6.892005074588229e-10,1.3125997686440693e-10
250,0.12111369836433604,0.10264849722586625,0.0010071811138354745,0.011337131193016175,0.053695041936145264,3.8495933659254e-09,0.2586963702825241,0.5938250251081156,4.2348275396919065e-08,0.055702127082300754,0.3852930547830119,0.47696752311781576,1.9192891226363082e-07,2.5808104326763403e-08,-5.685184513511491e-09
251,0.1146473457911148,0.10036348077374978,1.4832833415165491e-06,0.010884451103851812,0.056294720153717975,6.55262717355785e-09,0.26685532128092776,0.609649487133181,8.179258752574305e-08,0.06783818617867142,0.3948891776407235,0.4868566136312914,3.822233244350965e-07,5.092700814606798e-08,-1.1501629003887388e-08
252,0.0991196335819727,0.08502322266531728,7.693084356226074e-07,0.01257339359509108,0.0526865461539367,2.576880823642983e-09,0.26574148294752364,0.6253094256021244,5.491284733541447e-08,0.07126657148210613,0.42881740703502486,0.5340098867552641,2.0470867299417293e-07,1.0035631524784113e-07,-1.3826810010407857e-08
253,0.08359192137283061,0.06968296455688479,5.533352972866578e-08,0.014262336086330346,0.04907837215415542,-1.3988655262718847e-09,0.26462764461411953,0.6409693640710679,2.803310714508589e-08,0.07469495678554086,0.4627456364293262,0.5811631598792368,2.7194021553249382e-08,1.497856223496143e-07,-1.6151991016928326e-08
254,0.08040139845215162,0.054748168769469405,2.9057446959612505e-10,-6.208073267804908e-10,0.04936665830243963,2.2224320205836893e-09,0.2874047420292933,0.637129268706177,-3.7352675524764213e-10,0.08800713758105444,0.4878915149481024,0.6145340310144382,-1.1913651378292591e-09,4.500156347215474e-10,-1.3240748522266447e-09
255,0.05579564670757793,0.05525224615232848,2.6086079751986953e-09,0.0006191549794776421,0.04050851374368089,-1.5410337478238364e-08,0.27824505217780154,0.6142056171930521,-5.653915129395393e-09,0.10371476184915662,0.4961962316234296,0.6286035505546929,-2.7121116484588425e-08,-2.9185437397050327e-08,-2.776011725454116e-08
256,0.04313634965286309,0.050188746703054836,-2.2079566529265358e-10,0.004108108697260261,0.03795524499387557,-4.493605984550871e-10,0.2676755190943103,0.6122703445553478,3.65295028201578e-10,0.11303796865471852,0.5036469718241398,0.6321490802376173,-1.271931539535317e-10,2.949371674247244e-09,-7.204542155339124e-10
257,0.05519111897455415,0.05135449592467438,5.651605624737239e-10,3.87286794976586e-06,0.04524170891689737,-7.523550785337607e-10,0.2901177650914193,0.6022708364552671,5.428979707747165e-10,0.11208244084029167,0.5220438320672718,0.6543468090674458,7.657267129559649e-10,4.749813497577658e-10,-1.0213575354355898e-09
258,0.04724287516226397,0.04055278861662051,6.3158522645638185e-09,4.1649699316842214e-05,0.040622041253515005,1.1317558698201048e-09,0.2778315974417753,0.5720252722217575,2.3859821373508346e-09,0.10670519737531067,0.5426005658445948,0.7262967866687025,2.7657753456559744e-10,-1.89915855816374e-10,-3.127415101644552e-10
259,0.04669218352935356,0.04488313334271792,2.4223457157517513e-09,0.0012508314293210644,0.039944408258100327,2.6041209181285176e-10,0.28561266980302025,0.5403027625315091,9.54952157884505e-10,0.11519378127640233,0.5494826685231509,0.6881514720045557,-4.587233374815501e-10,6.23628236996172e-11,-5.688095949807759e-10
260,0.04310685066612027,0.0497900754165414,-3.924357757682217e-10,0.005839455717656026,0.042152594904499734,-7.187401655352253e-10,0.2931401246619728,0.5148826038391552,1.0710224657574229e-10,0.10472262319061952,0.5614084472370713,0.6874797790031298,-5.76859039999563e-10,4.905348223471114e-10,-9.030882313415941e-10
261,0.04140386576710557,0.04615449386461756,1.0958655513503582e-07,0.008220133523979647,0.04090993658991544,-1.3745067750448037e-08,0.2891743008255416,0.5013832040747446,9.530947811688575e-08,0.09463458423341473,0.5819509024424396,0.7278865075742748,1.977596972293413e-08,-4.554460172013786e-09,-2.415876676755121e-08
262,0.033705883570250124,0.04414013651988402,2.056717187352017e-08,0.013675973425790529,0.03926591034497075,-2.012896234363676e-08,0.28408995833079914,0.4929457660178559,4.5572627515810756e-08,0.09275411683009756,0.5863079997080558,0.7584324229545976,-9.865376937356344e-09,-1.8735411237568417e-08,-3.0527352074056473e-08
263,0.026701188963847232,0.03630462805955197,8.854863193385725e-09,0.00907622685751801,0.039216974130691126,-1.6531366975870015e-08,0.2889986520067698,0.5208228037214997,3.246062898319443e-08,0.10467921097298852,0.5859345602358106,0.7381416812927165,3.462406124496142e-09,-1.539579926773015e-08,-2.497835372213734e-08
264,0.019696494357444336,0.028469119599219925,-2.857445486748721e-09,0.00447648028924549,0.03916803791641151,-1.2933771608103275e-08,0.29390734568274035,0.5486998414251434,1.93486304505781e-08,0.11660430511587948,0.5855611207635653,0.7178509396308355,1.6790189186348626e-08,-1.2056187297891886e-08,-1.9429355370218205e-08
265,0.018028887961202687,0.03419952787918697,-2.067043722186034e-08,0.007353433652939731,0.041168537726342665,-2.4625034945790465e-08,0.3014331588023201,0.555119756719202,9.606134576902851e-09,0.11853636917500439,0.6000965588600164,0.749540973419117,2.0953784767984594e-08,-2.8586673942402777e-08,-3.616078542795652e-08
266,0.016361281564961038,0.039929936159154016,-3.8483428956971966e-08,0.010230387016633972,0.04316903753627382,-3.6316298283477656e-08,0.3089589719218998,0.5615396720132606,-1.3636129677239702e-10,0.1204684332341293,0.6146319969564678,0.7812310072073985,2.5117380349620563e-08,-4.5117160586913666e-08,-5.2892215485694833e-08
267,0.015495523811334126,0.0412662242138405,-6.7013367926518475e-09,0.015288418838933034,0.04423857276005404,-3.194234265080453e-09,0.30684974815026594,0.5533109629652327,1.498534802169008e-08,0.1258759180431542,0.6183489146146038,0.77053961041432,-9.153424329680338e-09,1.2759841861897171e-08,-1.5822229493957485e-08
268,0.014460787845483497,0.04068836183662558,-4.499947271969844e-09,0.016992004589663226,0.04082966177268865,-4.454460542068792e-09,0.3041995834889535,0.5302961474413188,8.156379390401617e-09,0.12275525711018524,0.6249564239241928,0.7948312128992144,-7.496389220894251e-09,2.9473469006446363e-09,-9.907831096119692e-09
269,0.013426051879632868,0.04011049945941066,-2.298557751287841e-09,0.018695590340393416,0.03742075078532326,-5.714686819057131e-09,0.30154941882764097,0.5072813319174048,1.327410759113156e-09,0.11963459617721628,0.6315639332337818,0.8191228153841089,-5.839354112108165e-09,-6.865148060607898e-09,-3.9934326982818974e-09
270,0.019896176272693945,0.03232601707444442,-6.151579747873718e-10,0.01797055242788556,0.0414372745129583,-3.3834361916015162e-09,0.30102910172745684,0.4849287273468538,9.560976957891229e-10,0.1169129479014758,0.6309678461276408,0.8167851065023938,-3.362968069647509e-09,-3.879794297446174e-09,-1.0393971991782607e-09
271,0.03721615846424147,0.03961841627753495,1.1192164896081461e-07,0.01580578067222832,0.04776568384758336,-1.9348926784801086e-08,0.3220853352186025,0.5064709117426962,1.2608173424064454e-07,0.10303868999218536,0.6335353683023514,0.8362324281711457,1.6083055341998324e-08,-4.642311557269466e-09,-3.747545436512139e-08
272,0.04086630743563924,0.05282976482355841,1.1938986385828127e-07,0.014758546104910009,0.04934214875718402,-5.795623057155937e-09,0.3269806324637882,0.5250896912672536,1.1760239489555268e-07,0.09987372228732908,0.6266287870621686,0.8304580637006194,3.021041632838149e-08,1.1565608286150594e-08,-1.873965938552149e-08
273,0.04198122203102664,0.05411973121539991,2.3145698029169198e-07,0.02051217494881966,0.053462979651398713,9.053699252670833e-09,0.3307098136281556,0.5369432504038882,2.0502952328078874e-07,0.10269264439664796,0.6258211642025494,0.8151391828274009,9.401732180737461e-08,2.2760003295249822e-08,-1.725982025380031e-08
274,0.02214593657456261,0.0366467382774905,1.6562768685557434e-09,0.020910739149862828,0.04589598553737407,-3.3885878827356945e-08,0.3114640965267406,0.5353340152425069,7.156407504386217e-08,0.10904309385628136,0.6127060702963926,0.799817520049417,5.1169261475666036e-08,-3.00009625102943e-08,-5.032668006162916e-08
275,0.018049351983979955,0.03892664384216166,-7.96927067401469e-09,0.01683924395223971,0.04581876967361554,-2.609076201514311e-08,0.30879913433234435,0.5454219625781025,3.586298120574261e-08,0.11934295900808285,0.6119961061545984,0.7614903080062037,1.606755496819242e-08,-2.2043525276262965e-08,-2.3861520831487935e-08
276,0.0139527673933973,0.04120654940683281,-1.7594818216585125e-08,0.012767748754616592,0.04574155380985701,-1.8295645202929278e-08,0.3061341721379481,0.5555099099136981,1.6188736762304832e-10,0.12964282415988435,0.6112861420128044,0.7231630959629903,-1.90341515392812e-08,-1.4086088042231631e-08,2.6036383986532865e-09
277,0.013447760918366846,0.04238932648728558,-6.280485857589729e-08,0.017544253411696673,0.04847991167992898,-5.9289687467654255e-08,0.3102369600861065,0.5463920194454079,-2.4080363467023846e-08,0.13370760264637213,0.6093659562546657,0.7158405322026783,-5.687193170006198e-08,8.886402574729414e-09,-7.707997818644933e-08
278,0.012704319444840548,0.04209391237517818,-4.0030365128653143e-08,0.018051893463259736,0.04725507824984633,-3.7104888479222917e-08,0.3007961650151769,0.5222386033462496,-6.853661481582896e-09,0.13726412468368726,0.6027778978725934,0.720719757285221,-3.9581964493925735e-08,-9.004015920353331e-10,-2.441706912564993e-08
279,0.01196087797131425,0.04179849826307077,-1.7255871681409003e-08,0.0185595335148228,0.04603024481976368,-1.492008949079158e-08,0.2913553699442473,0.4980851872470912,1.0373040503858057e-08,0.14082064672100242,0.5961898394905211,0.7255989823677637,-2.2291997287789484e-08,-1.0687205758800082e-08,2.8245839935149462e-08
280,0.00830375140044052,0.04230278729246687,1.4166099358789666e-09,0.016081345375031857,0.0402399459524327,9.435717620280792e-10,0.2800547323653185,0.4670491474928002,3.207880666692552e-09,0.14587353961873276,0.5854476357080771,0.7096462937741232,6.912246092844757e-10,3.917379218910097e-08,-1.082811704419895e-09
281,0.014394873868935246,0.04638960364431542,2.2523474074334528e-09,0.021616680216248973,0.04203653245473668,1.2756453730176075e-09,0.2808779828803174,0.4554948617124197,2.4116903030113002e-09,0.14132403257071724,0.5854047695569788,0.7082603977764075,6.521226102197319e-10,3.1791365080422315e-08,7.904643090341524e-10
282,0.02048599633742997,0.050476419996163965,3.088084878987939e-09,0.02715201505746609,0.04383311895704066,1.6077189840071358e-09,0.2817012333953163,0.4439405759320393,1.6154999393300482e-09,0.13677452552270175,0.5853619034058805,0.7068745017786918,6.130206111549882e-10,2.4408937971743663e-08,2.6637403224881997e-09
283,0.018608217195757483,0.05093743850057627,2.755922942874157e-09,6.304378011012826e-08,0.04311983943668619,1.5295822656341655e-09,0.27991230699267844,0.4343217865069293,1.5940220479600645e-09,0.13609613806929502,0.5755142429294298,0.6956206645943417,6.745866703969333e-10,2.271913228192918e-08,2.467952118591188e-09
284,0.015617855554552779,0.05003269827905583,-8.597521597671743e-09,1.5003563794416367e-06,0.039813270009356604,-8.569325087365245e-09,0.27347352315974827,0.43422122004479,3.1022986806443557e-09,0.1353684524939101,0.5700656499110762,0.692767164683478,5.601543043991122e-09,2.5036531434586804e-09,-1.335696866742583e-08
285,0.012627493913348074,0.04912795805753539,-1.9950966138217645e-08,2.937668978773145e-06,0.03650670058202702,-1.8668232440364657e-08,0.2670347393268181,0.4341206535826508,4.610575313328647e-09,0.13464076691852522,0.5646170568927228,0.6899136647726142,1.0528499417585311e-08,-1.771182599501182e-08,-2.9181889453442846e-08
286,0.009637132272143368,0.04822321783601495,-3.1304410678763544e-08,4.374981578104653e-06,0.033200131154697436,-2.8767139793364066e-08,0.2605959554938879,0.4340200871205115,6.118851946012938e-09,0.1339130813431403,0.5591684638743692,0.6870601648617505,1.54554557911795e-08,-3.792730513348232e-08,-4.500681023945986e-08
287,0.0042561997392199895,0.04776780769588464,3.906352629055825e-10,0.0058551754465214975,0.03116880663329936,8.534214824626096e-11,0.25805423917583137,0.44063771899157456,4.2560812411077796e-10,0.1320780966730577,0.5576046772841621,0.6928475107417482,1.0399841014725016e-10,-2.0145703893385088e-10,-2.63952551215871e-10
288,0.002128108336762847,0.041300467598358565,7.580615806823016e-09,0.008370651206925123,0.033088936207268986,2.787690570029406e-09,0.22538214881957683,0.4422658580657499,8.30356031323248e-09,0.12219766169814235,0.5253751421766565,0.7152560338157699,2.9561578145249987e-09,6.656522375635175e-08,8.756313628454705e-09
289,1.6934305703958987e-08,0.0348331275008325,1.477059635074045e-08,0.010886126967328748,0.035009065781238614,5.490038991812551e-09,0.1927100584633223,0.4438939971399252,1.618151250235418e-08,0.112317226723227,0.4931456070691509,0.7376645568897916,5.808317218902747e-09,1.3333190455163734e-07,1.7776579808125282e-08
290,0.01481415441991778,0.04534546002550406,5.902089096860599e-09,0.014334745337469737,0.041874547817409444,8.495156902146135e-10,0.2462825887771765,0.4670862540665292,8.877569794032575e-09,0.11708010862586493,0.5359280965164022,0.725930399517638,-1.3720934856574283e-11,8.073710868716622e-08,4.803568229769937e-09
291,0.029628291905529857,0.05585779255017562,-2.9664181570192533e-09,0.017783363707610727,0.04874002985358028,-3.791007611383325e-09,0.2998551190910307,0.4902785109931332,1.5736270857109704e-09,0.12184299052850285,0.5787105859636535,0.7141962421454846,-5.835759088615896e-09,2.81423128226951e-08,-8.169443348585409e-09
292,0.03780672686109377,0.055333262231203294,-3.254996818111917e-09,0.02195396999883506,0.05108862978348478,-4.2414956293874745e-09,0.3077346957470423,0.5006053192777332,2.481729898321623e-09,0.12324446892073565,0.5825656504777095,0.7087799107890865,-6.99573349666712e-09,2.351867445670472e-08,-9.843017769149389e-09
293,0.01911596617977362,0.05416251102688993,7.049684891556578e-09,0.024164489214802076,0.0426618393874085,2.8961176525788367e-09,0.29088797137163946,0.4917371764266713,7.044241825004053e-09,0.11399955182557905,0.5764933617961303,0.7515552043592452,-3.655546239596576e-09,1.1569808609688989e-08,-4.930092563652715e-09
294,0.0004252054984534724,0.05299175982257656,1.7354366601225073e-08,0.02637500843076909,0.03423504899133222,1.0033730934545148e-08,0.2740412469962366,0.4828690335756094,1.1606753751686483e-08,0.10475463473042246,0.5704210731145511,0.7943304979294038,-3.1535898252603106e-10,-3.790572373267402e-10,-1.716735815604142e-11
295,4.3147689785676257e-08,0.045229807209519884,-7.215490461348796e-10,0.0224997307355598,0.037810803258328494,-1.4801442836595346e-09,0.23961886758912604,0.4561940532667164,3.475797026790638e-10,0.09595281604914684,0.5405209695967149,0.8042165040924543,-1.531671775685189e-09,-1.7360907292803385e-09,-6.441987525202589e-10
296,0.002004333575503748,0.05149819047929178,8.843838863388822e-09,0.02117216952148178,0.03880052467715489,4.1121774542388384e-09,0.262045828187373,0.46509075478850304,6.045809516110573e-09,0.10017776253868674,0.5526864857568028,0.78188001919405,-1.0708110717867318e-09,-1.2453257934864748e-09,-3.0939740326874655e-10
297,0.00400862400331771,0.057766573749063674,1.8409226772912524e-08,0.01984460830740376,0.039790246095981294,9.704499192137212e-09,0.2844727887856199,0.4739874563102897,1.1744039329542082e-08,0.10440270902822664,0.5648520019168907,0.7595435342956458,-6.099503678882746e-10,-7.545608576926114e-10,2.5403945982765803e-11
298,0.02052166993644377,0.06254034504318506,-1.2534544650417265e-09,0.020925458345571968,0.043501228495869834,-2.6933772197192343e-09,0.2976195279020909,0.4798154079304879,1.7002939914774173e-09,0.10805069135938074,0.5731363563439661,0.7563511206167908,-2.6652699341699822e-09,-3.2405794263479245e-09,-1.5101835371388144e-09
299,0.01829130802656169,0.06093367152002931,-1.4311241125906811e-09,0.021707483870433704,0.04275348120493045,-2.8417467786562523e-09,0.2926722879681762,0.4694634978240041,2.092663871486414e-09,0.10975171580521016,0.5721372076776801,0.7577111458585436,-2.9038253558529547e-09,-3.544051784589982e-09,-2.3980559976449037e-09
300,0.0258231932114118,0.06077508503107791,1.8675319264926706e-08,0.023241147300054672,0.04784195053539295,-1.0959560198437632e-08,0.2994508342141606,0.4639211325374501,1.1703914331573813e-07,0.11914930787745814,0.5729491683116513,0.7163868036811762,3.45848903905535e-08,-8.093499530377742e-09,-2.995542868758602e-08
301,0.02529671802148659,0.06064802817036133,1.8707620276726573e-08,0.024752400467043512,0.048010130977408305,-9.818541305225864e-09,0.2997357794222069,0.4668401035488837,1.117084077914974e-07,0.11890148143283297,0.576035929738435,0.7130388784426819,2.5999962636663936e-08,-7.903187346876744e-09,-2.956285292489026e-08
302,0.02477024283156138,0.06052097130964474,1.8739921288526443e-08,0.026263653634032352,0.04817831141942365,-8.677522412014097e-09,0.30002072463025325,0.4697590745603174,1.0637767226725665e-07,0.11865365498820778,0.5791226911652186,0.7096909532041875,1.7415034882774374e-08,-7.712875163375745e-09,-2.9170277162194502e-08
303,0.019316428254347918,0.060027748956099664,-2.1916566895238645e-08,0.02025129270010284,0.04461215308657315,-2.1511409952846435e-08,0.2959770501586261,0.4778377125719076,1.9826236689294317e-08,0.1209120654702578,0.5721557019335627,0.7072947083329696,-1.0876814637815396e-08,-2.0079023261217365e-08,-3.494426512730965e-08
304,0.021167960281986545,0.06185090634365185,-7.104315693409025e-09,0.02020219005816709,0.04496600403531388,-1.9262956104939346e-08,0.29879761939290134,0.4810611798013865,6.106562053142828e-08,0.12317598453703693,0.5684518468439689,0.7128447313713699,1.8252449709601452e-08,-1.6424218270738334e-08,-3.450348448401581e-08
305,0.02301949230962517,0.06367406373120403,7.707935508420596e-09,0.020153087416231345,0.0453198549840546,-1.7014502257032258e-08,0.3016181886271766,0.4842846470308654,1.0230500437356225e-07,0.12543990360381604,0.5647479917543751,0.7183947544097702,4.7381714057018296e-08,-1.2769413280259304e-08,-3.4062703840721976e-08
306,0.023091982432620225,0.06090199951126129,-2.504366796920816e-08,0.030504839953028894,0.047269150404907916,-2.283420197910596e-08,0.30379485453763777,0.4785314523523286,2.0552224430499613e-09,0.12586573090587594,0.5655181512598801,0.7192168772691138,1.1834806398529825e-08,-3.06747322794076e-08,-3.631581395978054e-08
307,0.019383528785066724,0.05895475119017264,-2.0809055388437536e-08,0.02957322588404273,0.04489810252036447,-1.8070993957552593e-08,0.2999154282137175,0.47082849269318894,3.380993148754483e-09,0.12805779137673384,0.5610481476688846,0.7139960529243647,7.84433111629261e-09,-2.570733057378234e-08,-3.0757747645268666e-08
308,0.01567507513751322,0.05700750286908399,-1.657444280766691e-08,0.02864161181505656,0.042527054635821016,-1.3307785935999223e-08,0.29603600188979723,0.4631255330340493,4.706763854459004e-09,0.13024985184759175,0.556578144077889,0.7087752285796158,3.8538558340553936e-09,-2.0739928868157088e-08,-2.5199681330756795e-08
309,0.012573985926930164,0.055567125304639704,-1.2052575515172897e-08,0.024214675649440673,0.04142851007292453,-9.604301579060081e-09,0.2907462830504679,0.46045280576492775,7.380223933769095e-09,0.12892910738975255,0.5518150073626957,0.7043052761092188,5.040456645894506e-10,-1.6385960276539375e-08,-2.049422051829649e-08
310,0.009472896716347106,0.05412674774019542,-7.530708222678883e-09,0.019787739483824784,0.040329965510028036,-5.900817222120939e-09,0.2854565642111386,0.4577800784958062,1.0053684013079185e-08,0.12760836293191333,0.5470518706475024,0.6998353236388217,-2.845764504876492e-09,-1.2031991684921664e-08,-1.5788759705836184e-08
311,0.011953102893316131,0.05339242267759869,-1.4223326048361774e-09,0.01875184495188294,0.04353616655575281,-2.096926209624352e-09,0.28647930782363124,0.4726332330306241,4.193901582241528e-10,0.10503762139190123,0.5679309559339093,0.7693164954226434,-2.4894188547109072e-09,-2.790557602778459e-09,-9.518231847252612e-10
312,0.013610404096803795,0.051853791395655435,-2.205466122628107e-09,0.0214669836019038,0.04720973705361967,-3.120230327760382e-09,0.2865120713029849,0.4736238548858828,5.362592129324371e-10,0.1119017341115158,0.5630192149342812,0.7711308613103187,-3.4726467901840084e-09,-3.951039667416269e-09,-2.3178892407905622e-09
313,0.01127694234428694,0.05163752828391233,-6.678987474336218e-12,0.024143795385396283,0.04609187525089292,-1.8348303858107846e-09,0.2874426003644325,0.4747721640260576,3.2555756683532277e-09,0.11777133234653925,0.5565580309186505,0.7670667802665728,-3.5428238351919665e-09,-4.241252259607437e-09,-3.9333659755096905e-09
314,0.009764863960153157,0.050153767699829266,3.318115322596576e-09,0.02296651292964399,0.046199672273260224,9.219720590810996e-10,0.3010375105267875,0.4585915918582405,5.635688445863771e-09,0.12548543529708212,0.555130742436453,0.7660801438639384,-2.6778961420996567e-09,-3.283710702432197e-09,-2.728973245028811e-09
315,0.0052699640155678285,0.052259709680629166,1.7369697866513714e-08,0.02147329500048681,0.04188760517893651,1.015701695479615e-08,0.3136766727430794,0.473970037852669,1.2915517488211703e-08,0.11535001409414394,0.5706213511469647,0.7916620863815504,-1.7053915862265814e-09,-2.0681767959413548e-09,-9.187829432590499e-10
316,0.005811113459578929,0.053827948920826034,2.070423732485529e-08,0.022539054989241858,0.04111051147231674,1.180610071978227e-08,0.31640323879990245,0.4771784670453677,1.481083248767458e-08,0.12530783368414772,0.5681501700783067,0.7771386281574119,-1.7884719224185965e-09,-2.24847606965846e-09,-2.229399720496032e-09
317,0.006660313134096269,0.054620293452411935,8.897893070648355e-09,0.02526410991880286,0.041019755173951684,4.234176014130273e-09,0.3132450963265866,0.4882429242644907,6.9101758709028766e-09,0.12895891841569188,0.5646962586671802,0.7705478181795264,-2.7823189146015266e-09,-3.238577943875842e-09,-2.3872487264217473e-09
318,0.0058247357937197385,0.05372793221162055,1.0595958307202044e-08,0.027131252880255887,0.04187180180226047,5.580960840359499e-09,0.3080203104710366,0.4886849751593432,7.207571021561099e-09,0.13229399096678546,0.557999167017048,0.7532064547515548,-2.40587870590893e-09,-2.7705938145539145e-09,-1.4739760300619747e-09
319,0.012208440553636363,0.052005186251766436,-2.468046959011291e-10,0.026914143517469586,0.046010774270739435,-1.6656891242088375e-09,0.3066038130635351,0.4823395994410581,2.871945704019886e-09,0.13268303570056836,0.5603835808092528,0.7600092695760176,-3.3338659584894123e-09,-4.057916917082711e-09,-3.924349406580237e-09
320,0.0122293369837287,0.05193083273572792,-1.4050376270083995e-09,0.027244900998192642,0.04629985675807546,-2.4413774834052665e-09,0.3069419223193695,0.4754152829330484,1.1523003987942746e-09,0.13316998184880433,0.5598955286175481,0.7455135751982886,-3.329471664790327e-09,-3.918150470216282e-09,-2.391352459477747e-09
321,0.0017345226335540088,0.05027508135739207,4.62532918914705e-09,0.02502147538104544,0.0425053864010868,3.013842648375933e-09,0.30604797348652074,0.4683555539701704,2.603584094204385e-09,0.1368477285151771,0.5560522616724557,0.7374168639837317,1.7567141187059135e-10,1.874474241948357e-10,1.1794957983329564e-10
322,0.0032881249755943353,0.05104346121826146,1.2819402752926298e-08,0.0231555401293132,0.04429100222655673,7.875951474184156e-09,0.3296953108299262,0.48999954674160306,7.809608000195869e-09,0.13872320392555476,0.5657217876955297,0.748637829661539,-6.543230711459642e-10,-8.151222034905935e-10,-4.1840924388212465e-10
323,0.004841727317634661,0.05181184107913085,2.1013476316705543e-08,0.02128960487758096,0.046076618052026654,1.273806029999238e-08,0.3533426481733317,0.5116435395130357,1.3015631906187353e-08,0.14059867933593242,0.5753913137186037,0.7598587953393464,-1.4843175541625198e-09,-1.8176918311760224e-09,-9.54768067597545e-10
324,0.002626093632644902,0.051835622202274736,1.480777378447836e-08,0.01883615149329279,0.04782345028512683,9.365351802061339e-09,0.38373835871200146,0.5304253914238224,9.156767967911761e-09,0.14900698549609637,0.5765292499977341,0.7314692472058348,-5.115054248746172e-10,-7.00091963823859e-10,-3.778446899052568e-10
325,0.0004104599476551427,0.05185940332541862,8.602071252251177e-09,0.01638269810900462,0.04957028251822701,5.992643304130297e-09,0.4141340692506712,0.5492072433346091,5.29790402963617e-09,0.15741529165626034,0.5776671862768646,0.7030796990723231,4.613067044132852e-10,4.1750790352830426e-10,1.990786877870313e-10
326,0.00022914783456796337,0.05098612934868317,-6.523932968925825e-09,0.0170189913036664,0.05100883606850025,-1.4733969424471227e-08,0.43544267422252136,0.5460382744444191,2.6366488971773686e-09,0.1588651477846041,0.5809247810986429,0.7041079714868597,4.9465003613709e-09,-1.8427675934935995e-08,-2.2499683864294395e-08
327,4.783572148078404e-05,0.050112855371947714,-2.1649937190102825e-08,0.01765528449832818,0.05244738961877349,-3.546058215307275e-08,0.4567512791943716,0.5428693055542291,-2.460623528143269e-11,0.1603150039129478,0.584182375920421,0.7051362439013963,9.431694018328516e-09,-3.727285977340029e-08,-4.5198446416375816e-08
328,1.3025679827982899e-05,0.05070291185126796,-7.24664641073245e-12,0.019309998409728482,0.05547698121431189,-2.1463921291839992e-10,0.4785386137715924,0.5221315569406679,1.891171067944461e-10,0.1686811223518493,0.5926436895245094,0.688141075360603,3.279122540851509e-11,-3.992276280708132e-10,-5.172649586600161e-10
329,6.057580112280242e-06,0.05116083006948684,-1.1390412163448736e-10,0.018671490031745702,0.05453518927966479,-3.238019111242048e-10,0.49420249702702596,0.5121209908509641,1.99475155195503e-10,0.17122164347459942,0.6026155202328809,0.6900277641218646,-6.844142948717113e-11,-3.788664929526088e-10,-5.195405584882978e-10
330,5.068150088564414e-06,0.05015889836698929,-1.1497896288101547e-10,0.015465850595079763,0.0562263274544406,-3.54240341664941e-10,0.4994862697602243,0.5095236887840966,1.6414500206645628e-10,0.17655249649378693,0.6032369524786061,0.6771968070931761,-1.2323718870185925e-10,-3.817248440509184e-10,-5.322747813092466e-10
331,4.3903435104820835e-06,0.049922846634236885,-1.501456703835886e-10,0.014739139785065037,0.05825118943407453,-3.9927395079911936e-10,0.5022639014546089,0.5069756028195014,1.0819552549401601e-10,0.17849408449092447,0.6036046831060052,0.6754343547599179,-6.28427357609563e-11,-4.164665367914152e-10,-5.634439186259623e-10
332,3.7297157669729163e-06,0.049533028601961585,-1.7092894389267002e-10,0.016728500640990553,0.059547638532280414,-4.3779009385347675e-10,0.5050699002228607,0.4994009338367503,8.885286903270869e-11,0.17829086513502956,0.6051453911470962,0.6757662377306685,-2.472483476711073e-11,-4.5005459700789637e-10,-6.008630219989992e-10
333,2.816700847778448e-05,0.04768976222260901,-1.0241326284102537e-08,0.015537819797480078,0.05890057149005276,-4.195979400166372e-08,0.4953708109776207,0.4853960753442503,6.8156886660942626e-09,0.17823644031241645,0.6004354120797809,0.6744234433509075,-7.248909294549258e-09,-3.917730449918389e-08,-5.247194847891642e-08
334,5.031569679226585e-06,0.047006477141765805,-1.7848023754552916e-09,0.016228963775544024,0.06074917940298812,-2.602874549626481e-09,0.4929357742850979,0.4802865961552583,-2.710778548077715e-10,0.1646829905575802,0.6129849201576413,0.7226304459835741,-3.1286298610164457e-09,-3.517350333014804e-09,-1.8015786166618685e-09
335,1.0773677056822555e-05,0.04681772857664083,-1.013834916907926e-09,0.015272215135298991,0.059064588080288964,-1.7611716420335736e-09,0.4923007192840689,0.4872170285065886,2.1693763126176574e-09,0.16138203533590673,0.6152077040529262,0.7292223222404841,-3.181763920183261e-09,-3.7678194689663115e-09,-3.260792873188251e-09
336,9.810480681063256e-06,0.04452230973965484,-5.863792295391949e-10,0.012698606013644921,0.05973467337616986,-1.342956756274355e-09,0.4897476574832211,0.5012991023859293,1.7842739050490353e-09,0.15712109336263752,0.622564243109598,0.7360708777959968,-2.761441850048564e-09,-3.2846126331707374e-09,-2.9619969338470926e-09
337,8.847284305303956e-06,0.04222689090266885,-1.589235421704637e-10,0.010124996891990852,0.060404758672050765,-9.247418705151368e-10,0.4871945956823733,0.51538117626527,1.3991714974804133e-09,0.1528601513893683,0.6299207821662698,0.7429194333515093,-2.3411197799138666e-09,-2.8014057973751632e-09,-2.6632009945059338e-09
338,3.6422817706255685e-06,0.040747824546642,-8.431847478220096e-10,0.011881793526503473,0.05998748118726735,-1.5146562650690355e-09,0.4862783433409153,0.5175755524638705,3.0506145273950914e-11,0.1438601030526582,0.6210166706322329,0.7536797175091303,-1.961575880668958e-09,-2.2000934063182415e-09,-7.430232922539202e-10
339,2.3813794126777937e-06,0.0388686416488488,-4.915939945959335e-10,0.0103966952347406,0.059566212883569926,-1.3762538379668064e-09,0.4708543727056791,0.4951152038656763,3.4779969164618025e-10,0.15395766549210788,0.6049879158121496,0.7289533777569325,-1.7362853586774333e-09,-1.9061150723180465e-09,-8.202972424621833e-10
340,3.3706644318049274e-06,0.037686669906133334,-9.863942386562935e-11,0.008414122459945772,0.061627160934886564,-8.423110953718672e-10,0.4608702503880703,0.475188663591971,2.3624815746557103e-10,0.1582774078112357,0.6022814080604592,0.7141731554276628,-1.1423307190382425e-09,-1.1552778725257453e-09,-8.714369245407274e-10
341,6.907950413081952e-06,0.037229405430977684,-5.047805609007703e-11,0.011105170761776084,0.0623661681962137,-6.653294299249757e-10,0.4366861821741795,0.4624148759166871,2.08736280417171e-10,0.16225227501271194,0.6232933129720238,0.7059941285808858,-9.35502592336124e-10,-9.541866694991333e-10,-6.581814450658558e-10
342,3.400249552443331e-06,0.037527040119834036,3.744340107002984e-10,0.015078858098251534,0.0621135403559509,3.5039326889118993e-11,0.4211021291583204,0.4583751476196352,3.556216027909223e-10,0.16206719640573075,0.6164870034923509,0.7031329457345551,-9.251018357939959e-11,-8.170259485867687e-11,1.0296152044785595e-10
343,0.00012797578958988353,0.03842767835025987,8.639920010060375e-09,0.009948161450216184,0.060201212380671214,6.9479355384189235e-09,0.4041054893148041,0.4575080954825943,1.1731213557482817e-08,0.1605283302457464,0.6155663619938885,0.7012316708441962,4.245415761325783e-09,8.773254093326947e-08,3.189949841443427e-09
344,2.7336106259272413e-06,0.037824119487687616,-3.788700538649766e-10,0.008621993825357119,0.058325992754695175,-7.37563252143212e-10,0.38565039426559855,0.4522976318448506,-1.2855261971489478e-10,0.16779124399854106,0.6019631902966772,0.6528335014721997,4.284440041778398e-10,-7.470786312105398e-10,-8.59509354131514e-10
345,0.0002472720968633433,0.03766846485009825,-1.3782604712735845e-09,0.01388186241817287,0.05836930469158778,-1.7690407840755092e-08,0.3699818293491153,0.4414580447095304,1.2912943872599894e-08,0.16772722732186882,0.5978835152077546,0.6401951480775133,2.062201143216387e-08,-1.7335412117698383e-08,-2.7544055049172902e-08
346,2.2032065436121828e-05,0.034693740863854225,-1.9654237918432013e-08,0.016192669903796586,0.05709198013250336,-4.3102405661350723e-08,0.35042966369972145,0.4263405556940981,-5.0949516573212935e-09,0.15480757755714186,0.5999592508723555,0.6795683489819762,3.5002272566750935e-08,-4.312136414471365e-08,-5.1481767141208445e-08
347,2.4684586301048324e-06,0.03302424264199276,-4.290689292068349e-10,0.016147249265935675,0.058528605295900676,-7.203900008614017e-10,0.3493441331574825,0.4159723988391521,-1.2758432362625416e-10,0.15804991743344385,0.6018690985234837,0.6671792832489225,4.0345682341965137e-10,-7.368869256918527e-10,-8.416406703325319e-10
348,4.326330746814082e-06,0.03337971241640707,-1.3266150407681166e-10,0.014716026595054041,0.05926878008498851,-4.89069576746786e-10,0.36014821907312083,0.4151603823324168,3.014544193077318e-10,0.1516646381745506,0.5904553539022405,0.6921155657507749,-1.970456119903908e-10,-3.6336663449867086e-10,-6.424849198860357e-10
349,6.675150680845905e-06,0.03233264407760465,2.1544197435236917e-10,0.011863215710511844,0.05958527304465535,-3.94596216181357e-10,0.35703683055753,0.4153797674656044,1.0523631062150489e-09,0.15429104194636584,0.5990060988293732,0.6704628278548824,6.778644415527525e-10,-4.2594055697844513e-10,-7.148698989236707e-10
350,1.3458910031898505e-05,0.030338922765585405,1.1263495268103489e-09,0.009248803395821004,0.058242026300591526,-2.5339842823504883e-08,0.35322020342952604,0.4191477668125783,1.3788683308400512e-08,0.14426127965724636,0.5853486022495717,0.6832956077232849,-1.2418203302373626e-09,-1.1542706301191498e-08,-3.0314369978468517e-08
351,3.876690603412931e-05,0.015978883880411732,1.2838915124738923e-08,1.5378600587636954e-06,0.06063173944139185,1.3530309728980364e-10,0.3562523684995437,0.4155507002285792,1.7470342494596683e-08,0.14564061845683735,0.57841682515423,0.6825465244973632,2.1292191383363887e-08,1.3747280279459945e-08,-3.311772165572483e-09
352,5.3193999461076095e-06,0.02156389226490976,5.153463331734182e-09,1.807821099984391e-07,0.06009724729677826,2.6987992760795733e-09,0.34549048825686,0.4164947026825136,7.613567993534964e-09,0.14168548378162993,0.5748544553236672,0.6810526224042767,9.648762515715187e-09,8.180613304959156e-09,1.7070351240637997e-08
353,6.930770574976145e-08,0.02470081748748841,9.861803860866094e-10,0.0018404746515995394,0.06235181862529918,6.692752958943002e-10,0.3347027197392843,0.4190594679998407,5.979863855916877e-10,0.1386190955295938,0.5947128228092136,0.6803683769617125,1.1414913071352789e-10,1.0418103919770231e-10,1.072332159151916e-10
354,4.9881278751988225e-06,0.023050301290169068,8.101602967027341e-09,0.008814922619652563,0.060737545289913965,5.640329426183268e-09,0.3304140686870394,0.4142069404872041,9.651971573943452e-09,0.1414818921922226,0.5978316717089557,0.6756908564184255,7.599201326020853e-09,7.027084790595906e-09,1.285750403226392e-08
355,1.0706877039828153e-05,0.02272973643927583,-1.866685860931696e-09,0.009082335193415895,0.0618493452634787,-5.5643580472722864e-08,0.3356684116543829,0.4050112321168264,1.969792124836301e-08,0.14791636469852326,0.5731186034848758,0.6588029770770772,-5.951582807114424e-09,-4.997862985153062e-08,-6.278255240177102e-08
356,5.528670535175944e-06,0.02255495988618654,-8.971413656398879e-10,0.010191588527791971,0.061215482891099605,-2.8125095629132986e-08,0.3348343249889057,0.39253856960407607,1.00905165360116e-08,0.14572010901396149,0.5807864493073125,0.6675253197360773,-3.0929988646491672e-09,-2.5206960227682293e-08,-3.1758496300178886e-08
357,3.50464030523735e-07,0.022380183333097253,7.240312965192037e-11,0.011300841862168046,0.060581620518720514,-6.066107855431057e-10,0.3340002383234285,0.3800659070913258,4.831118236601885e-10,0.14352385332939968,0.5884542951297492,0.6762476623950774,-2.344149221839108e-10,-4.3529060383397034e-10,-7.344401985867521e-10
358,8.651977050802253e-06,0.02389644316310221,5.852271782112912e-09,0.012114540195726995,0.060021875709674224,-1.8720023114267622e-08,0.33106399640616,0.3608052149075886,1.339032487034436e-08,0.15052780541463914,0.5866087137967494,0.6670842325442674,3.712777472059284e-09,-5.547329116100875e-09,-2.3076172042068334e-08
359,4.447387853517142e-06,0.026611841893029495,2.755847730812221e-09,0.0195090643879571,0.059771082437238776,-9.982787218176512e-09,0.3299870499770378,0.37152716946213477,6.76485759382822e-09,0.14937268735165016,0.5812218374019695,0.6658838612405881,1.1319421363959713e-09,-3.5592603782013226e-09,-1.1935637097210435e-08
360,2.427986562320314e-07,0.02932724062295678,-3.405763204884706e-10,0.026903588580187203,0.059520289164803335,-1.2455513220854013e-09,0.3289101035479156,0.38224912401668093,1.3939031731208022e-10,0.1482175692886612,0.5758349610071897,0.6646834899369087,-1.4488931992673419e-09,-1.57119164030177e-09,-7.951021523525361e-10
361,1.3863153763153175e-05,0.032742065503684414,-9.838440253955375e-10,0.02803675265852356,0.06107093635413331,-1.4563629958334878e-09,0.35683949886305266,0.3949693128928205,5.537404588255722e-10,0.1373148585737102,0.5934474270900713,0.6826625418236303,-2.1729338533437948e-09,-2.483719412503558e-09,-7.486349480765573e-10
362,9.407947466947142e-05,0.034876264377262475,1.9544168612366706e-09,0.030483650135483164,0.06239382311642579,1.2299393265254778e-09,0.3813338585199418,0.3896581488179266,2.6923939504760938e-09,0.14020116655827555,0.5772579301103478,0.6675374444508102,-2.112005255627309e-09,-2.425558456441235e-09,-7.955743932201814e-10
363,2.9227021235301478e-05,0.0355929236965421,-8.495007052021276e-09,0.03606222405904992,0.06030634231292666,-3.3622261076298176e-08,0.3885236656226788,0.3839054895409488,2.1133380522287308e-08,0.13856121098784194,0.5641197670287539,0.6336484411098484,2.194248477091815e-09,-3.3622408945259195e-08,-4.5177362811943626e-08
364,1.1587899232382092e-05,0.03781521060474207,-9.185683587955438e-09,0.039014788568248984,0.05920292249043645,-2.7453953894777204e-08,0.39532658317252944,0.3648285978973607,8.238683174571297e-09,0.1484377445071582,0.5538213365671162,0.5982182009333268,5.275677712913166e-09,-2.9429392214721126e-08,-3.69156572780096e-08
365,1.0190339296655356e-06,0.04124734889857084,-1.9483485966975298e-11,0.04305259961183568,0.05967469752721824,-2.7614324634686223e-10,0.4058282410253777,0.3515900220103563,4.611105045016472e-10,0.15430834218759054,0.5493038431019673,0.5710278376766965,1.1210897991928518e-10,-2.740439335907632e-10,-4.406996399591255e-10
366,2.100958268242102e-06,0.04236094499567011,-6.67733567323632e-11,0.045676007491959485,0.05978207436487552,-2.7197919396162023e-10,0.4140566212138262,0.34058320034004835,2.889852724830629e-10,0.1560541878280678,0.5490915114340932,0.559732569220481,-1.1491772748498102e-10,-2.4609889041985364e-10,-4.328336070517782e-10
