,AU1L,AU1R,AU2L,AU2R,AU4L,AU4R,AU6L,AU6R,AU9,AU10,AU13L,AU13R,AU18,AU22,AU27
0,0.14697483,0.16458271,0.09715294,0.09448502,1.0443333,1.1510849,0.04521794,0.20751686,0.0356038,2.5040263e-08,0.024025353,0.00011304007,0.1728655,4.5758217e-08,1.1034485e-08
1,0.14697483,0.16458271,0.09715294,0.09448502,1.0443333,1.1510849,0.04521794,0.20751686,0.0356038,2.5040263e-08,0.024025353,0.00011304007,0.1728655,4.5758217e-08,1.1034485e-08
2,0.14697483,0.16458271,0.09715294,0.09448502,1.0443333,1.1510849,0.04521794,0.20751686,0.0356038,2.5040263e-08,0.024025353,0.00011304007,0.1728655,4.5758217e-08,1.1034485e-08
3,0.14697483,0.16458271,0.09715294,0.09448502,1.0443333,1.1510849,0.04521794,0.20751686,0.0356038,2.5040263e-08,0.024025353,0.00011304007,0.1728655,4.5758217e-08,1.1034485e-08
4,0.14697483,0.16458271,0.09715294,0.09448502,1.0443333,1.1510849,0.04521794,0.20751686,0.0356038,2.5040263e-08,0.024025353,0.00011304007,0.1728655,4.5758217e-08,1.1034485e-08
5,0.14697483,0.16458271,0.09715294,0.09448502,1.0443333,1.1510849,0.04521794,0.20751686,0.0356038,2.5040263e-08,0.024025353,0.00011304007,0.1728655,4.5758217e-08,1.1034485e-08
6,0.14697483,0.16458271,0.09715294,0.09448502,1.0443333,1.1510849,0.04521794,0.20751686,0.0356038,2.5040263e-08,0.024025353,0.00011304007,0.1728655,4.5758217e-08,1.1034485e-08
7,0.14697483,0.16458271,0.09715294,0.09448502,1.0443333,1.1510849,0.04521794,0.20751686,0.0356038,2.5040263e-08,0.024025353,0.00011304007,0.1728655,4.5758217e-08,1.1034485e-08
8,0.14697483,0.16458271,0.09715294,0.09448502,1.0443333,1.1510849,0.04521794,0.20751686,0.0356038,2.5040263e-08,0.024025353,0.00011304007,0.1728655,4.5758217e-08,1.1034485e-08
9,0.14697483,0.16458271,0.09715294,0.09448502,1.0443333,1.1510849,0.04521794,0.20751686,0.0356038,2.5040263e-08,0.024025353,0.00011304007,0.1728655,4.5758217e-08,1.1034485e-08
10,0.14697483,0.16458271,0.09715294,0.09448502,1.0443333,1.1510849,0.04521794,0.20751686,0.0356038,2.5040263e-08,0.024025353,0.00011304007,0.1728655,4.5758217e-08,1.1034485e-08
11,0.14697483,0.16458271,0.09715294,0.09448502,1.0443333,1.1510849,0.04521794,0.20751686,0.0356038,2.5040263e-08,0.024025353,0.00011304007,0.1728655,4.5758217e-08,1.1034485e-08
12,0.14697483,0.16458271,0.09715294,0.09448502,1.0443333,1.1510849,0.04521794,0.20751686,0.0356038,2.5040263e-08,0.024025353,0.00011304007,0.1728655,4.5758217e-08,1.1034485e-08
13,0.14697483,0.16458271,0.09715294,0.09448502,1.0443333,1.1510849,0.04521794,0.20751686,0.0356038,2.5040263e-08,0.024025353,0.00011304007,0.1728655,4.5758217e-08,1.1034485e-08
14,0.14697483,0.16458271,0.09715294,0.09448502,1.0443333,1.1510849,0.04521794,0.20751686,0.0356038,2.5040263e-08,0.024025353,0.00011304007,0.1728655,4.5758217e-08,1.1034485e-08
15,0.14697483,0.16458271,0.09715294,0.09448502,1.0443333,1.1510849,0.04521794,0.20751686,0.0356038,2.5040263e-08,0.024025353,0.00011304007,0.1728655,4.5758217e-08,1.1034485e-08
16,0.14697483,0.16458271,0.09715294,0.09448502,1.0443333,1.1510849,0.04521794,0.20751686,0.0356038,2.5040263e-08,0.024025353,0.00011304007,0.1728655,4.5758217e-08,1.1034485e-08
17,0.14697483,0.16458271,0.09715294,0.09448502,1.0443333,1.1510849,0.04521794,0.20751686,0.0356038,2.5040263e-08,0.024025353,0.00011304007,0.1728655,4.5758217e-08,1.1034485e-08
18,0.14697483,0.16458271,0.09715294,0.09448502,1.0443333,1.1510849,0.04521794,0.20751686,0.0356038,2.5040263e-08,0.024025353,0.00011304007,0.1728655,4.5758217e-08,1.1034485e-08
19,0.14697483,0.16458271,0.09715294,0.09448502,1.0443333,1.1510849,0.04521794,0.20751686,0.0356038,2.5040263e-08,0.024025353,0.00011304007,0.1728655,4.5758217e-08,1.1034485e-08
20,-0.17539504,-0.12993853,-0.17844945,-0.09332261,0.6820154,0.8028004,0.09593306,0.067591794,0.14862242,0.009856259,0.0958475,0.11967673,0.25949585,0.051978372,-0.08259964
21,-0.13817763,-0.07427263,-0.14057262,-0.057150222,0.6807846,0.8898699,0.09186076,0.057009198,0.097616315,-0.017793456,0.042052783,0.11534131,0.4014287,0.04574903,-0.071676195
22,-0.05817373,-0.020808619,-0.052620158,-0.03217052,0.6736122,0.89932656,0.12733006,0.08486527,0.07627791,-0.003186721,0.032424875,0.12082098,0.41289115,0.028363291,-0.050155744
23,-0.024651296,-0.0068903007,-0.014012739,-0.03164319,0.66669536,0.87776434,0.12800813,0.08108286,0.07712572,0.011837428,0.036034867,0.1244317,0.39012575,0.025068544,-0.03636372
24,-0.012137055,-0.0014560707,0.00010750443,-0.027825482,0.66506463,0.8575482,0.11342673,0.063496046,0.084050104,0.020276586,0.038874313,0.124105394,0.37480545,0.030782815,-0.021148503
25,-0.0055887327,0.00368182,0.0070675835,-0.018900901,0.65841424,0.83364254,0.09897807,0.04711087,0.094112,0.02448712,0.039696477,0.12566379,0.36537635,0.038983233,-0.0048692077
26,-0.006777212,0.0039416812,0.0063255727,-0.013074096,0.6518422,0.8139201,0.087195575,0.03498467,0.1009145,0.027876966,0.039670862,0.12697476,0.36189193,0.04593448,0.0059436113
27,-0.011655077,0.0012700856,0.0018051043,-0.010894168,0.6484552,0.8019309,0.0776252,0.026770838,0.10332049,0.03062663,0.03912483,0.12662219,0.3609413,0.050819427,0.011580192
28,-0.016105048,-0.0017000511,-0.002651535,-0.010587655,0.649221,0.7975787,0.06965028,0.021583281,0.1026067,0.033017125,0.038214825,0.12433627,0.35931885,0.05355367,0.014144957
29,-0.017969325,-0.0032605864,-0.004936889,-0.010222394,0.6529163,0.79835236,0.0629496,0.018494494,0.10116123,0.034827385,0.037028894,0.121207334,0.3553701,0.054964684,0.015944093
30,-0.017380312,-0.0032061227,-0.0050252676,-0.009050071,0.65862644,0.8027824,0.05740612,0.016929246,0.1002695,0.03584926,0.035646774,0.11819004,0.3497935,0.05583957,0.018062092
31,-0.015835635,-0.0024251454,-0.004167907,-0.007531151,0.6660836,0.81045085,0.052877538,0.016535848,0.10011287,0.03601623,0.034167707,0.11561774,0.34367925,0.056581408,0.02034352
32,-0.014679894,-0.0018288121,-0.0035500303,-0.0063695684,0.6752358,0.8211308,0.049122285,0.016985625,0.10047579,0.035423785,0.032661647,0.11336832,0.33734214,0.057298616,0.022291683
33,-0.014307104,-0.0016922131,-0.0035390928,-0.005790904,0.68589383,0.83435374,0.045920234,0.017996997,0.10118085,0.034239113,0.03112781,0.11123189,0.33059555,0.057980742,0.023743533
34,-0.01441595,-0.0017969012,-0.003876038,-0.0055819154,0.6976632,0.84945583,0.04315844,0.019407727,0.10216451,0.032603506,0.029533625,0.109156884,0.32333672,0.058596395,0.024889417
35,-0.014611371,-0.0018627569,-0.004206218,-0.005455978,0.71009153,0.86582834,0.040796217,0.021158628,0.10339951,0.03060077,0.027873501,0.10724947,0.31573445,0.0591201,0.025986105
36,-0.014731303,-0.0017928258,-0.0043812394,-0.005285479,0.722866,0.88313663,0.038788363,0.023236565,0.1047999,0.02828939,0.02618751,0.105618134,0.3080846,0.059513133,0.0271416
37,-0.014803372,-0.0016606487,-0.0044305176,-0.005113438,0.7359287,0.90136874,0.037035972,0.025643721,0.106155604,0.025768863,0.02454745,0.10420623,0.3006022,0.05968368,0.028272077
38,-0.014784865,-0.0015204698,-0.0043361187,-0.0049811006,0.7492464,0.92042917,0.03539222,0.028358944,0.10726339,0.023178976,0.02301877,0.10282713,0.29324,0.059536893,0.0292698
39,-0.014350191,-0.0011717714,-0.0038358495,-0.0046800524,0.7623444,0.9395675,0.03375334,0.031298302,0.10819723,0.0205715,0.02161482,0.101481505,0.28578556,0.059125207,0.030295357
40,-0.013188437,-0.000348825,-0.0026762187,-0.0039235502,0.7745552,0.9578391,0.03209368,0.034350507,0.109142296,0.017901918,0.020308033,0.10038005,0.27834696,0.05860851,0.031627774
41,-0.015995681,-0.0022060089,-0.0052104667,-0.005605858,0.7853781,0.97493315,0.030076154,0.03665135,0.10950224,0.015097937,0.019121028,0.09932962,0.27158684,0.058566965,0.031050026
42,-0.017360412,-0.0027175844,-0.006481111,-0.0059746206,0.7940027,0.9894213,0.0282631,0.038475715,0.1108343,0.011921503,0.017599344,0.098970234,0.26431292,0.058912404,0.03155276
43,-0.017605767,-0.002648536,-0.0067362934,-0.005910434,0.80214447,1.0036281,0.026621222,0.040510505,0.11149715,0.00910989,0.016037762,0.098585814,0.2585172,0.05876474,0.032287486
44,-0.017304279,-0.0023936704,-0.006491445,-0.005790837,0.80912185,1.016562,0.025090657,0.042754717,0.111716695,0.0064786584,0.014680579,0.09849066,0.25342262,0.058338873,0.033049524
45,-0.016868278,-0.002138339,-0.00615941,-0.005709607,0.81461126,1.0276165,0.023503684,0.04484225,0.11185545,0.0039324523,0.013450712,0.09872001,0.24863125,0.05792111,0.033817925
46,-0.016473942,-0.0019643903,-0.0059050918,-0.005700741,0.81871545,1.0368302,0.021785714,0.04660034,0.111978985,0.0014458899,0.012240998,0.09916193,0.24423684,0.057612736,0.034539163
47,-0.016173385,-0.0018905438,-0.0057648197,-0.0057714134,0.8215727,1.0443423,0.019972399,0.048014253,0.11207971,-0.0009825244,0.011006162,0.09977235,0.24031194,0.05742456,0.035168827
48,-0.015980087,-0.0019217059,-0.005741112,-0.0059318244,0.8233508,1.0503354,0.01811561,0.04911048,0.11215551,-0.003341287,0.0097294,0.10052725,0.23684825,0.057344303,0.035681084
49,-0.01586046,-0.0020358227,-0.005795762,-0.0061735734,0.82422256,1.0549984,0.016255446,0.049927168,0.1122107,-0.005616383,0.008402839,0.10139644,0.23379181,0.05735395,0.036081508
50,-0.015752971,-0.0021990798,-0.0058671087,-0.0064807385,0.82436085,1.0585191,0.014418602,0.05051186,0.11223436,-0.0077866106,0.0070278645,0.10233471,0.23108579,0.057423186,0.03638462
51,-0.015596308,-0.002374094,-0.005894117,-0.0068280324,0.82389975,1.0610386,0.01262527,0.050910145,0.11222793,-0.009839075,0.0056104213,0.103308655,0.22866549,0.05753002,0.036612056
52,-0.015362307,-0.0025380775,-0.005845681,-0.007192999,0.8229317,1.0626523,0.010889374,0.051152967,0.112213835,-0.011776801,0.0041531026,0.104303695,0.22646998,0.057672773,0.036783673
53,-0.015062779,-0.002691444,-0.005727686,-0.0075682513,0.82152444,1.063437,0.00921803,0.051257767,0.11221875,-0.013612485,0.0026540756,0.10531219,0.22445397,0.057862025,0.03690625
54,-0.014727093,-0.0028483756,-0.005563028,-0.007959407,0.8197334,1.063464,0.007614769,0.051238187,0.11225564,-0.0153577905,0.0011110008,0.10632229,0.22258775,0.058105364,0.036972493
55,-0.014376797,-0.0030208342,-0.005368978,-0.008373916,0.81760025,1.0627954,0.0060839877,0.05111058,0.11232157,-0.01701794,-0.00047549605,0.10731795,0.22084878,0.058401063,0.0369692
56,-0.014017165,-0.0032110773,-0.005149558,-0.008812975,0.81515163,1.0614728,0.0046321303,0.050892547,0.11240819,-0.018594105,-0.002102077,0.10828546,0.21921666,0.058741845,0.036885537
57,-0.013644293,-0.0034143813,-0.004900746,-0.0092716515,0.8123952,1.0595157,0.0032666177,0.05059939,0.11251061,-0.020087382,-0.0037645102,0.109218314,0.21767257,0.059121534,0.036715396
58,-0.013256371,-0.0036266781,-0.004620895,-0.009744585,0.80932593,1.056926,0.0019943342,0.050241552,0.11262967,-0.021501236,-0.0054589063,0.11011743,0.2162012,0.059538383,0.03645459
59,-0.012857154,-0.003848713,-0.004313238,-0.0102311745,0.80592936,1.053697,0.00082068145,0.049825855,0.11276476,-0.022838635,-0.007180959,0.11098523,0.21479203,0.05999194,0.036096357
60,-0.012448043,-0.004082501,-0.0039801598,-0.010734171,0.80219024,1.0498191,-0.00024803728,0.04936085,0.11290623,-0.02409668,-0.008922607,0.11182059,0.21343969,0.060476944,0.03562987
61,-0.01202251,-0.0043255687,-0.0036171824,-0.011254165,0.7980862,1.045275,-0.0012029037,0.048857242,0.11303912,-0.025267769,-0.010671496,0.11262187,0.2121381,0.06098488,0.03504508
62,-0.011588216,-0.0045821406,-0.0032323226,-0.011796504,0.7935626,1.040011,-0.002033852,0.0483192,0.113161236,-0.026354147,-0.012417123,0.113400325,0.21087469,0.061519623,0.034333676
63,-0.011136055,-0.0048517175,-0.002820447,-0.012364741,0.788599,1.0340117,-0.0027301386,0.047756076,0.113249116,-0.0273393,-0.014142215,0.114148125,0.2096513,0.0620675,0.033482745
64,-0.010645568,-0.0051189996,-0.0023652017,-0.012947094,0.7831309,1.027206,-0.003272377,0.047179393,0.11329974,-0.028216569,-0.015830398,0.114878096,0.2084506,0.06262918,0.03249553
65,-0.010111809,-0.005382035,-0.0018650144,-0.013543304,0.7770937,1.019525,-0.0036422983,0.04659854,0.113300584,-0.028974002,-0.01746288,0.115596965,0.2072681,0.063204296,0.03136749
66,-0.009530239,-0.0056395307,-0.001319699,-0.01415392,0.7704103,1.0108876,-0.0038181618,0.046025567,0.11323471,-0.029597199,-0.01901789,0.11631055,0.2060998,0.06379262,0.030093655
67,-0.008893982,-0.005887393,-0.0007274151,-0.014776606,0.76298445,1.0011923,-0.003774099,0.04547511,0.1130833,-0.030069193,-0.020471245,0.11702571,0.20494165,0.06439537,0.02867183
68,-0.008194774,-0.006119538,-8.6307526e-05,-0.015406333,0.7546985,0.9903125,-0.0034804419,0.04496356,0.11282592,-0.030370558,-0.021796659,0.11775049,0.20379277,0.065016076,0.02710279
69,-0.007423669,-0.0063282996,0.00060503185,-0.016035352,0.7454099,0.9780946,-0.0029042885,0.044508815,0.11243931,-0.030478658,-0.0229657,0.118494004,0.20265858,0.06566076,0.025390185
70,-0.0065703318,-0.00650312,0.0013481528,-0.016651928,0.73494786,0.96435213,-0.0020100176,0.044129744,0.111897245,-0.030367745,-0.023946926,0.119267136,0.20155235,0.06633827,0.023541212
71,-0.0056252405,-0.0066327937,0.0021427125,-0.017241947,0.72311276,0.9488667,-0.0007610321,0.04384405,0.11117158,-0.030009245,-0.024706453,0.12008318,0.20049705,0.0670609,0.021566078
72,-0.004579693,-0.0067047365,0.002986446,-0.017788209,0.70968,0.9313889,0.00087877363,0.043667026,0.11023288,-0.029372921,-0.025208384,0.12095778,0.19952638,0.067844436,0.019478813
73,-0.0034299493,-0.006708689,0.0038723573,-0.018274449,0.6944144,0.9116553,0.0029409304,0.043606438,0.10905378,-0.028429488,-0.02541691,0.12190864,0.19868408,0.06870815,0.017296225
74,-0.0021790117,-0.006638281,0.0047873408,-0.018687703,0.6770975,0.8894153,0.0054472536,0.043658964,0.10761328,-0.027154414,-0.02530098,0.12295318,0.19802023,0.06967333,0.0150381625
75,-0.0008399114,-0.006495256,0.0057100505,-0.019023929,0.65757704,0.8644825,0.008402802,0.043804727,0.10590301,-0.025534274,-0.024842173,0.12410485,0.19758506,0.07076098,0.012726963
76,0.0005618483,-0.006291669,0.006610945,-0.019292757,0.63583267,0.8368045,0.0117877945,0.044002607,0.10393635,-0.023574995,-0.024045557,0.12536801,0.19741754,0.07198754,0.010388583
77,0.0019891039,-0.006051127,0.0074541643,-0.019522078,0.6120527,0.8065461,0.015550204,0.044189073,0.10175674,-0.021310229,-0.022950947,0.12673303,0.19753312,0.07335962,0.008053437
78,0.0033987537,-0.005804628,0.008204132,-0.019756425,0.58669,0.77415687,0.019603588,0.044284783,0.09944041,-0.01880674,-0.021639004,0.1281743,0.19791396,0.07486746,0.0057583004
79,0.0047521293,-0.0055834316,0.008835785,-0.02005108,0.5604587,0.74038154,0.02383373,0.044210218,0.09708905,-0.016162204,-0.02022405,0.12965553,0.19850792,0.076479755,0.0035473183
80,0.006028384,-0.0054073296,0.009345621,-0.02045837,0.5342398,0.7061782,0.028114207,0.04390905,0.094810516,-0.013493469,-0.018831506,0.1311429,0.19924001,0.078142256,0.001471132
81,0.007227868,-0.0052806325,0.009754047,-0.021014947,0.50890905,0.67255104,0.03232471,0.0433667,0.09269407,-0.010920111,-0.017565578,0.13262248,0.20003392,0.07978376,-0.00041878223
82,0.00836093,-0.0051974654,0.010093458,-0.02173742,0.48515004,0.6403505,0.03636098,0.042611547,0.09079246,-0.0085500255,-0.016483873,0.13411257,0.20083277,0.08132823,-0.0020794868
83,0.009426542,-0.0051569454,0.010388471,-0.022627488,0.4633304,0.6101247,0.040131785,0.04169663,0.089116305,-0.0064733024,-0.015590459,0.13566285,0.20161249,0.082708135,-0.003486842
84,0.010399312,-0.005173482,0.010643229,-0.023678437,0.44348437,0.5820702,0.04354874,0.040672116,0.087638035,-0.004761539,-0.014849663,0.13734047,0.20238627,0.08387086,-0.0046402514
85,0.011233494,-0.005275663,0.010844223,-0.024877287,0.42538297,0.5560729,0.046519563,0.039564975,0.08630274,-0.0034686034,-0.014205873,0.13921724,0.20320226,0.0847786,-0.005561173
86,0.011882961,-0.0054932274,0.010976173,-0.026197903,0.4086479,0.5318034,0.048951834,0.038373716,0.085041665,-0.002628733,-0.013596311,0.14136648,0.20414038,0.08540402,-0.006284505
87,0.012319803,-0.0058445185,0.011036977,-0.02759523,0.39286298,0.5088212,0.05076595,0.03707684,0.08378853,-0.0022533196,-0.012949094,0.14387688,0.20530652,0.08572842,-0.0068514943
88,0.012541987,-0.006331116,0.011042774,-0.02900406,0.37766168,0.48666418,0.051912237,0.035649337,0.08249471,-0.002325648,-0.01216732,0.14687492,0.2068239,0.08574362,-0.00730592
89,0.012569442,-0.006941274,0.011022627,-0.030344814,0.3627826,0.46491575,0.05238773,0.03408233,0.08113592,-0.0027945465,-0.011105731,0.15054809,0.20882027,0.08545464,-0.00769563
90,0.012434788,-0.0076561533,0.011008397,-0.03153093,0.34809536,0.44324946,0.052249096,0.032400914,0.07970979,-0.0035686991,-0.009550214,0.15515853,0.21141098,0.08488123,-0.008074671
91,0.012174703,-0.008455459,0.011025384,-0.032476343,0.33360255,0.42145532,0.05161936,0.0306781,0.07822576,-0.0045128106,-0.0072062463,0.1610442,0.21467556,0.08405647,-0.008503243
92,0.011827186,-0.009316396,0.01108779,-0.03309977,0.31942984,0.39946276,0.050686546,0.029042847,0.076694295,-0.0054496075,-0.003702134,0.1686046,0.21862929,0.083024055,-0.009041727
93,0.011430576,-0.010211658,0.011196092,-0.033331536,0.30580664,0.37736505,0.049692504,0.027680747,0.07512002,-0.0061684833,0.0013917238,0.17827009,0.22318892,0.08183424,-0.009739548
94,0.011025608,-0.011106078,0.011336558,-0.033125333,0.29304004,0.3554411,0.048910238,0.026825026,0.07349976,-0.0064400383,0.0085250735,0.19045298,0.22814326,0.08053783,-0.010620549
95,0.010650396,-0.0119606,0.011477537,-0.032477573,0.28146714,0.33414805,0.048604466,0.026734546,0.07182136,-0.0060375766,0.018109925,0.2054812,0.23314573,0.07917701,-0.011669591
96,0.010327101,-0.0127475895,0.011560984,-0.031446934,0.2713759,0.31404525,0.04897415,0.027646936,0.07005389,-0.004763234,0.030440837,0.22352135,0.23775087,0.07777267,-0.012829408
97,0.010045707,-0.0134693645,0.011497103,-0.030155726,0.26291072,0.29564762,0.05009284,0.029716805,0.06813009,-0.0024770196,0.045610026,0.24451543,0.24149643,0.07631197,-0.014010727
98,0.009766817,-0.014158171,0.01118131,-0.02875752,0.25601584,0.27927148,0.051884674,0.03296823,0.065941304,0.0008767941,0.06345813,0.26817212,0.2439955,0.074747525,-0.015111312
99,0.009450778,-0.0148511715,0.010533087,-0.027386956,0.25046298,0.2649666,0.0541651,0.03730207,0.063368745,0.0052589797,0.08360087,0.29403293,0.24499132,0.073012635,-0.01603058
100,0.009093381,-0.015557643,0.009533919,-0.026124842,0.24594152,0.2525631,0.056726936,0.04255695,0.06033036,0.010548588,0.105522074,0.32157952,0.24436481,0.07104497,-0.016679093
101,0.008732781,-0.01625054,0.008230105,-0.024998136,0.24214643,0.24176922,0.05941535,0.048580743,0.05680612,0.016574128,0.12867628,0.350321,0.24211676,0.068806455,-0.016990677
102,0.008437164,-0.016874928,0.006715536,-0.023993917,0.2388232,0.23225759,0.062167205,0.055284463,0.05283099,0.023147268,0.15255946,0.37983787,0.23834364,0.06629409,-0.016931728
103,0.008286238,-0.017361622,0.0051073954,-0.023073494,0.23577778,0.22371957,0.065019906,0.06267015,0.04847685,0.030089557,0.17674512,0.4097947,0.23321156,0.06354335,-0.016505495
104,0.008353151,-0.017640423,0.0035247877,-0.02218344,0.23286772,0.21588923,0.06810364,0.07083977,0.043833945,0.037250493,0.20090018,0.43994063,0.2269307,0.060624104,-0.015749082
105,0.008689299,-0.017652456,0.0020691305,-0.021265533,0.22998701,0.20854853,0.07162416,0.07998894,0.038998358,0.044519093,0.22479235,0.47010517,0.2197278,0.057631016,-0.014729217
106,0.009309307,-0.017362226,0.0008074418,-0.020266611,0.22705318,0.20152296,0.07584025,0.090388894,0.03406144,0.051831003,0.24829201,0.5001919,0.21182226,0.054669634,-0.01353474
107,0.010188237,-0.016759995,-0.00023423135,-0.019141827,0.22399612,0.19467105,0.08104185,0.10236266,0.029104345,0.05916969,0.271369,0.5301721,0.20340599,0.051841818,-0.012267038
108,0.011264674,-0.01586074,-0.0010700226,-0.017855179,0.22075254,0.18787518,0.087525375,0.116254225,0.024194106,0.0665623,0.2940811,0.5600717,0.19463213,0.04923385,-0.011029288
109,0.012450859,-0.0146981515,-0.0017452389,-0.016376909,0.21726477,0.18103382,0.09557151,0.13239495,0.019383386,0.07407016,0.31655517,0.58995545,0.18561281,0.04690801,-0.009916484
110,0.01364509,-0.013316859,-0.002324,-0.01468043,0.21348387,0.17405847,0.10542378,0.15106906,0.014711194,0.0817751,0.338962,0.61990553,0.17642626,0.04489859,-0.009007409
111,0.014746539,-0.011765111,-0.0028731376,-0.012739986,0.20937674,0.16687515,0.11727336,0.17248462,0.01020591,0.08976357,0.3614872,0.64999706,0.1671305,0.04321219,-0.008358687
112,0.015665993,-0.010091133,-0.0034496188,-0.010532305,0.20493695,0.15943255,0.13124898,0.19674917,0.0058903545,0.098109685,0.38430184,0.6802738,0.15777996,0.041830983,-0.008002818
113,0.016334705,-0.008340448,-0.004090011,-0.00804,0.20019417,0.15171185,0.14741425,0.22385502,0.0017877892,0.10685968,0.40753418,0.71072394,0.14844273,0.04071886,-0.007948592
114,0.01670859,-0.006557476,-0.0048061013,-0.0052574985,0.19522354,0.1437398,0.16576928,0.25367114,-0.0020725578,0.11601887,0.4312426,0.74126005,0.13921382,0.039828334,-0.008183107
115,0.016772546,-0.0047847442,-0.005582966,-0.0021944083,0.19015063,0.1355995,0.18625444,0.28594202,-0.0056525543,0.12554404,0.45539218,0.7717024,0.13022299,0.03910724,-0.008673981
116,0.016538173,-0.0030653365,-0.0063848495,0.0011193529,0.18514961,0.12743583,0.20875537,0.32029226,-0.008903883,0.13534075,0.47983724,0.80177486,0.12163223,0.038505428,-0.009373024
117,0.016040422,-0.0014429688,-0.00716383,0.004632473,0.18043312,0.11945012,0.23310933,0.35624355,-0.011769228,0.14526846,0.5043181,0.831116,0.113623336,0.037980065,-0.010220468
118,0.0153262615,3.5051256e-05,-0.007874496,0.008270286,0.17623177,0.11188,0.25911626,0.3932437,-0.014183022,0.15515101,0.5284786,0.859316,0.10637258,0.037499927,-0.011152998
119,0.014440268,0.0013144948,-0.008490577,0.011934437,0.17276712,0.10496893,0.28655496,0.4307137,-0.016076073,0.16479571,0.5519093,0.8859761,0.10002251,0.037046622,-0.012116104
120,0.013415672,0.002337277,-0.009012811,0.015508905,0.17022191,0.09893026,0.31520754,0.46810728,-0.017380603,0.17401567,0.5742105,0.9107824,0.0946538,0.0366128,-0.013072625
121,0.012274176,0.003049221,-0.0094665885,0.01887178,0.16871314,0.09391396,0.3448858,0.5049739,-0.018038183,0.1826528,0.595059,0.9335705,0.09026824,0.03619624,-0.0140069425
122,0.0110409185,0.0034175776,-0.009884007,0.021915115,0.16826677,0.0899788,0.37545514,0.54101115,-0.018012747,0.19059533,0.6142585,0.9543563,0.08678651,0.03579102,-0.014914796
123,0.009756245,0.0034428574,-0.0102895275,0.024562191,0.16880013,0.08707473,0.4068403,0.57608885,-0.017307661,0.19778743,0.6317521,0.97331077,0.08406207,0.03537872,-0.015789583
124,0.008472271,0.0031571016,-0.01069963,0.026774883,0.17012455,0.085049324,0.43900573,0.610229,-0.015986785,0.20423272,0.64759696,0.99069065,0.08191185,0.034924768,-0.016610995
125,0.0072370693,0.0026116967,-0.011130296,0.028552681,0.17197704,0.083681695,0.4719177,0.6435486,-0.014185198,0.20998794,0.661913,1.0067531,0.08015303,0.034384288,-0.017343327
126,0.0060792193,0.0018645339,-0.011602007,0.02992795,0.174076,0.08273674,0.50550866,0.67618203,-0.01209493,0.21514574,0.67482954,1.021696,0.07863437,0.033717614,-0.017940417
127,0.005003482,0.00097279623,-0.012135394,0.030956686,0.17617968,0.0820173,0.53966165,0.7082164,-0.009926826,0.21981002,0.68645215,1.035639,0.077248275,0.032907277,-0.018355295
128,0.003998205,-1.0311604e-05,-0.012739241,0.03170579,0.17812423,0.08139503,0.5742174,0.7396587,-0.00786601,0.22407126,0.69685453,1.048642,0.075925216,0.031967066,-0.01854965
129,0.0030485243,-0.0010337718,-0.0134008005,0.03224055,0.17983112,0.08081228,0.6089968,0.7704419,-0.006040409,0.22799274,0.70609206,1.0607363,0.074616745,0.030939825,-0.018499717
130,0.0021443516,-0.0020520277,-0.014087714,0.032610904,0.18128823,0.08026251,0.64382356,0.80045974,-0.0045129955,0.2316106,0.714222,1.0719535,0.07327996,0.029885717,-0.018199936
131,0.0012841076,-0.0030256696,-0.014753357,0.032846097,0.1825203,0.07976384,0.67853785,0.82960457,-0.0032936707,0.23494384,0.7213181,1.0823406,0.07186982,0.028867781,-0.017660514
132,0.0004741028,-0.0039228722,-0.015348285,0.032953817,0.18356249,0.079337776,0.7129963,0.8577931,-0.0023612455,0.2380074,0.7274729,1.0919548,0.07034129,0.02794113,-0.016904846
133,-0.00027704984,-0.0047219433,-0.015831389,0.032923445,0.18444423,0.07899852,0.747059,0.8849703,-0.0016839802,0.24082272,0.7327886,1.1008543,0.06865458,0.027146116,-0.015965357
134,-0.000962764,-0.0054119304,-0.016176969,0.032732263,0.18518493,0.07875196,0.7805743,0.9110988,-0.001233168,0.24342138,0.737363,1.10908,0.06678288,0.026507065,-0.0148803
135,-0.0015797988,-0.005990766,-0.016376771,0.03235289,0.1857965,0.078598425,0.8133658,0.9361395,-0.0009882599,0.24584234,0.7412752,1.1166478,0.064714834,0.026034124,-0.013689548
136,-0.0021273717,-0.0064625554,-0.0164385,0.03175985,0.18628725,0.07853539,0.8452339,0.96004254,-0.00093463063,0.24812552,0.74457955,1.1235486,0.062454775,0.025726259,-0.012431368
137,-0.0026058108,-0.006833937,-0.01638107,0.030935865,0.18666524,0.07855666,0.8759656,0.9827473,-0.0010581091,0.25030425,0.74730766,1.1297574,0.06001845,0.025574438,-0.011140898
138,-0.003013499,-0.007109899,-0.016229711,0.02987631,0.18693797,0.07865033,0.905357,1.0041933,-0.0013405383,0.25240037,0.74947613,1.1352493,0.057429478,0.025564425,-0.00984782
139,-0.0033476576,-0.0072930604,-0.016011626,0.028590266,0.18711261,0.07879804,0.9332315,1.024334,-0.0017570704,0.25442263,0.7510984,1.1400132,0.05471456,0.025679134,-0.008576497
140,-0.0036029741,-0.007382758,-0.015751965,0.027100299,0.18719488,0.078975305,0.9594579,1.0431461,-0.0022775233,0.25636876,0.7521944,1.1440617,0.051901132,0.025900431,-0.0073452294
141,-0.0037766919,-0.0073782876,-0.0154739395,0.025437765,0.18719062,0.079155855,0.9839556,1.0606328,-0.0028686523,0.25822952,0.7527952,1.1474321,0.049015194,0.026210852,-0.0061680228
142,-0.0038689226,-0.007281121,-0.015197784,0.02363858,0.18710849,0.079318464,1.0066936,1.0768178,-0.0034989715,0.25999337,0.75294435,1.1501832,0.04608108,0.026594728,-0.0050542355
143,-0.0038843378,-0.0070968084,-0.014940761,0.021738801,0.18696325,0.07945218,1.0276804,1.0917342,-0.004141584,0.2616493,0.75269437,1.152386,0.043121755,0.027038738,-0.004009843
144,-0.0038321987,-0.0068350844,-0.014716521,0.019771598,0.18677728,0.07955952,1.0469533,1.1054162,-0.004776612,0.26318878,0.7521024,1.1541158,0.040159672,0.027532063,-0.00303711
145,-0.0037233755,-0.006508317,-0.014534593,0.017766822,0.18657747,0.079652995,1.0645689,1.1178931,-0.0053928196,0.26460683,0.75122553,1.1554452,0.037218116,0.028065205,-0.002134949
146,-0.0035693794,-0.0061294176,-0.014399983,0.015751973,0.18638892,0.07974694,1.0805937,1.1291894,-0.005987525,0.26590174,0.7501177,1.156436,0.034320742,0.028628953,-0.0012986064
147,-0.0033799782,-0.005709987,-0.014313541,0.013752401,0.18622659,0.07984752,1.0951015,1.1393327,-0.006565392,0.2670756,0.74882764,1.1571367,0.031491943,0.029213011,-0.00052176416
148,-0.0031642318,-0.005261097,-0.0142745,0.011791542,0.18609221,0.079949215,1.1081697,1.1483587,-0.007137671,0.26813427,0.74739647,1.1575809,0.028755724,0.029805101,0.00020205975
149,-0.0029300526,-0.0047926567,-0.014280714,0.00988999,0.18597557,0.08003643,1.119877,1.1563163,-0.0077175647,0.26908588,0.7458569,1.1577876,0.02613493,0.030391581,0.0008788854
150,-0.0026841462,-0.0043137036,-0.014328793,0.008065239,0.18586104,0.08009085,1.1303047,1.1632676,-0.008316882,0.26993805,0.7442322,1.1577668,0.023650005,0.030958682,0.0015143901
151,-0.002430804,-0.0038316287,-0.014412999,0.0063312873,0.18573421,0.08009793,1.1395369,1.1692861,-0.008940108,0.2706958,0.74253684,1.1575245,0.021317214,0.031494968,0.0021146983
152,-0.0021708831,-0.0033511482,-0.014523938,0.00469945,0.18558598,0.080050856,1.1476626,1.1744545,-0.009582385,0.2713596,0.74077904,1.1570691,0.019147396,0.03199265,0.002687648
153,-0.0019044206,-0.0028755702,-0.014651492,0.0031779297,0.18541345,0.07995025,1.1547775,1.1788617,-0.010230109,0.27192748,0.73896366,1.1564128,0.017144948,0.032448024,0.0032410622
154,-0.0016304702,-0.0024082102,-0.014786117,0.0017712787,0.18521911,0.07980341,1.1609803,1.1825994,-0.010865241,0.2723981,0.7370945,1.1555716,0.015308961,0.032860532,0.003781721
155,-0.001350537,-0.001953777,-0.014921792,0.0004797615,0.185009,0.07962181,1.1663707,1.1857567,-0.011470512,0.2727737,0.73517686,1.1545627,0.013634354,0.033231407,0.004314691
156,-0.0010679662,-0.0015179031,-0.01505623,-0.00070013106,0.18479168,0.079420045,1.1710448,1.1884183,-0.012032546,0.2730611,0.7332176,1.1534038,0.012113459,0.03356255,0.0048423186
157,-0.0007873401,-0.0011063553,-0.015190832,-0.00177484,0.18457586,0.07921322,1.1750934,1.1906621,-0.012542456,0.2732702,0.7312262,1.1521144,0.010737121,0.033856228,0.0053652525
158,-0.00051262975,-0.0007231496,-0.015326425,-0.0027518384,0.18436858,0.07901409,1.1786003,1.1925579,-0.012995437,0.2734123,0.7292151,1.1507169,0.009495176,0.034114823,0.0058831275
159,-0.00024748594,-0.00037084147,-0.015465468,-0.0036393888,0.1841746,0.078831546,1.1816428,1.1941689,-0.013390116,0.27349895,0.72719955,1.1492366,0.008376695,0.034340687,0.0063943043
160,5.7145953e-06,-4.947558e-05,-0.015608758,-0.004445277,0.18399477,0.07866976,1.1842896,1.1955495,-0.013727307,0.27354062,0.7251971,1.147702,0.0073702633,0.034536548,0.0068967715
161,0.00024476647,0.00024140999,-0.015757434,-0.005177669,0.18382767,0.078528866,1.1866018,1.196747,-0.014010631,0.27354702,0.7232258,1.1461427,0.006464921,0.03470476,0.0073875487
162,0.0004672557,0.00050277635,-0.015912592,-0.0058442876,0.18367037,0.07840692,1.1886317,1.1977992,-0.014244966,0.27352676,0.7213038,1.144587,0.0056498945,0.034847774,0.007863671
163,0.000671424,0.00073585287,-0.016074792,-0.0064528584,0.1835199,0.07830152,1.1904233,1.1987363,-0.014436878,0.2734872,0.71944726,1.14306,0.004915789,0.03496763,0.0083221495
164,0.0008564368,0.0009424798,-0.016243622,-0.0070098974,0.18337412,0.078210145,1.1920131,1.1995803,-0.014592752,0.2734341,0.71766937,1.1415831,0.0042541176,0.035066456,0.008761041
165,0.0010211989,0.0011239834,-0.016418412,-0.0075217523,0.1832319,0.07813112,1.1934314,1.2003471,-0.014718562,0.27337185,0.71598047,1.1401732,0.003657326,0.03514626,0.009178877
166,0.0011659935,0.0012821443,-0.016598187,-0.007993396,0.18309365,0.078064114,1.1947021,1.2010472,-0.014819935,0.27330387,0.7143879,1.1388425,0.0031192452,0.0352088,0.009574622
167,0.0012913421,0.0014192052,-0.016780898,-0.0084291585,0.18296021,0.078008875,1.1958463,1.201688,-0.014901303,0.27323228,0.71289575,1.1375993,0.002634503,0.035255954,0.009948596
168,0.0013989657,0.0015377365,-0.016964503,-0.008832149,0.18283318,0.077965416,1.1968807,1.2022746,-0.014966197,0.27315864,0.711506,1.1364491,0.002198428,0.035289593,0.010301203
169,0.0014904067,0.0016399808,-0.017146848,-0.009205103,0.18271402,0.077933796,1.1978196,1.2028104,-0.015017226,0.27308378,0.7102186,1.1353935,0.0018067509,0.035311542,0.010633267
170,0.001567103,0.001728002,-0.01732628,-0.009550281,0.1826038,0.07791367,1.1986754,1.2032984,-0.015056595,0.2730087,0.70903206,1.1344332,0.0014556497,0.035323463,0.010945328
171,0.0016309023,0.0018041171,-0.017501056,-0.009869415,0.18250354,0.07790458,1.1994586,1.2037421,-0.015086174,0.27293402,0.7079436,1.1335661,0.0011417568,0.035326876,0.011238329
172,0.0016832873,0.001869794,-0.0176702,-0.010164492,0.18241382,0.07790592,1.2001778,1.2041438,-0.0151072815,0.27286047,0.7069499,1.1327895,0.00086167455,0.035323344,0.011512838
173,0.0017253458,0.0019265972,-0.017832719,-0.010436866,0.1823349,0.07791692,1.2008408,1.2045063,-0.015121579,0.27278885,0.7060467,1.1320994,0.00061251223,0.03531398,0.011769541
174,0.0017586648,0.0019758232,-0.017988078,-0.010688048,0.18226686,0.07793691,1.2014543,1.2048321,-0.015129909,0.27271947,0.70522946,1.1314911,0.00039138645,0.035300083,0.012009218
175,0.0017837062,0.002018366,-0.018135928,-0.010919698,0.18220969,0.07796527,1.202023,1.205124,-0.0151334405,0.27265328,0.7044933,1.1309594,0.00019571185,0.035282455,0.01223243
176,0.0018015727,0.0020548515,-0.018276408,-0.011133149,0.18216313,0.07800139,1.202552,1.205384,-0.015133075,0.27259058,0.70383316,1.1304988,2.308935e-05,0.03526205,0.012439638
177,0.0018131956,0.0020860322,-0.018408865,-0.011329733,0.18212703,0.078044675,1.2030449,1.2056148,-0.015129432,0.27253178,0.70324373,1.130104,-0.00012868643,0.035239607,0.012631595
178,0.0018191338,0.002112668,-0.018533811,-0.011510573,0.18210077,0.07809441,1.2035055,1.2058188,-0.015123211,0.2724771,0.70272034,1.1297693,-0.00026159734,0.035215713,0.01280912
179,0.0018202513,0.0021351762,-0.018651105,-0.0116767585,0.18208408,0.07815005,1.2039366,1.2059978,-0.015114851,0.2724267,0.7022577,1.12949,-0.00037769228,0.03519088,0.012972727
180,0.001817219,0.0021542273,-0.01876077,-0.011829276,0.18207604,0.078210734,1.2043408,1.2061546,-0.015104853,0.27238086,0.7018513,1.1292604,-0.0004785061,0.03516554,0.013123319
181,0.0018104836,0.0021699257,-0.018863074,-0.011969276,0.18207626,0.078275725,1.2047206,1.2062908,-0.015093423,0.27233952,0.7014966,1.1290766,-0.00056589395,0.035140157,0.013261288
182,0.0018007308,0.0021828972,-0.018958203,-0.012097549,0.18208385,0.078344524,1.2050778,1.206409,-0.015081234,0.27230293,0.7011892,1.1289332,-0.00064106286,0.035114877,0.013387486
183,0.0017882884,0.0021934323,-0.019046657,-0.01221494,0.18209845,0.07841663,1.2054143,1.2065107,-0.0150683075,0.27227077,0.700925,1.1288263,-0.0007055402,0.035090044,0.013502486
184,0.0017739385,0.0022018366,-0.019128188,-0.012322221,0.18211913,0.07849112,1.205732,1.2065976,-0.015054919,0.27224302,0.70070004,1.1287519,-0.00076037645,0.035065807,0.013607152
185,0.0017573982,0.0022082068,-0.01920376,-0.012420356,0.1821453,0.07856773,1.2060316,1.2066715,-0.01504121,0.27221957,0.7005109,1.1287065,-0.0008069724,0.035042353,0.013701946
186,0.0017397329,0.0022130199,-0.019273356,-0.012509871,0.18217638,0.078645855,1.2063147,1.2067332,-0.015027516,0.27220035,0.7003538,1.1286862,-0.0008459538,0.035019703,0.013787419
187,0.001721032,0.0022165217,-0.019336917,-0.01259125,0.18221176,0.07872498,1.2065828,1.2067852,-0.015013859,0.27218503,0.70022583,1.1286881,-0.00087852776,0.034997977,0.013864607
188,0.0017015487,0.0022187643,-0.019395411,-0.012665372,0.18225075,0.07880457,1.2068367,1.2068279,-0.015000366,0.27217343,0.7001239,1.1287093,-0.00090527534,0.034977265,0.013933778
189,0.0016813651,0.0022198,-0.019448765,-0.012732852,0.18229286,0.07888441,1.207077,1.2068627,-0.014987029,0.27216524,0.7000452,1.1287471,-0.0009272173,0.034957603,0.013995469
190,0.0016608536,0.0022200458,-0.019497544,-0.01279404,0.18233755,0.07896398,1.2073052,1.2068908,-0.014974125,0.27216053,0.6999875,1.1287991,-0.0009446889,0.034938894,0.014050387
191,0.0016404018,0.0022195615,-0.019541755,-0.012849528,0.18238437,0.079043,1.2075213,1.2069125,-0.014961652,0.27215874,0.699948,1.1288631,-0.00095845014,0.034921214,0.014099181
192,0.001619935,0.002218429,-0.019582048,-0.012899827,0.18243286,0.07912117,1.2077266,1.2069292,-0.014949553,0.27215973,0.69992495,1.1289376,-0.0009689927,0.034904554,0.014142066
193,0.001599364,0.002216708,-0.019618548,-0.012945339,0.18248281,0.079198405,1.2079214,1.2069412,-0.014937945,0.27216333,0.6999161,1.1290201,-0.0009767413,0.03488887,0.014179625
194,0.0015793443,0.0022145547,-0.019651383,-0.012986474,0.18253362,0.0792743,1.2081062,1.2069496,-0.014926776,0.27216914,0.6999197,1.1291091,-0.0009822547,0.034874126,0.014212519
195,0.0015596151,0.0022121258,-0.019681148,-0.0130235925,0.18258496,0.07934863,1.2082818,1.2069542,-0.014916196,0.2721771,0.6999342,1.1292036,-0.0009855926,0.0348602,0.01424098
196,0.0015403032,0.002209399,-0.019707702,-0.0130569935,0.18263657,0.0794213,1.2084488,1.2069565,-0.014905974,0.2721867,0.69995797,1.129302,-0.0009873062,0.03484723,0.014265418
197,0.0015216991,0.0022064485,-0.019731782,-0.013087131,0.18268818,0.079492114,1.2086073,1.2069561,-0.014896251,0.27219808,0.6999898,1.1294036,-0.0009875521,0.034835055,0.014286287
198,0.001503624,0.0022033341,-0.019753307,-0.013114151,0.1827397,0.079561144,1.208758,1.2069539,-0.014887102,0.27221096,0.7000284,1.1295068,-0.0009866953,0.03482362,0.014303863
199,0.001485996,0.0022000857,-0.019772433,-0.013138514,0.18279082,0.0796282,1.208901,1.20695,-0.01487834,0.2722249,0.7000726,1.1296111,-0.000984855,0.03481286,0.014318451
200,0.0014691427,0.0021968521,-0.019789532,-0.013160322,0.18284121,0.07969306,1.2090373,1.2069446,-0.0148701,0.27223986,0.7001215,1.1297159,-0.0009821951,0.034802847,0.014330536
201,0.0014531836,0.0021936558,-0.01980476,-0.013179753,0.18289083,0.07975574,1.2091666,1.2069385,-0.014862254,0.27225572,0.7001742,1.1298203,-0.0009789765,0.03479343,0.014340267
202,0.0014377013,0.0021903776,-0.019818187,-0.013197206,0.18293959,0.07981631,1.2092897,1.2069312,-0.014854796,0.27227226,0.70022994,1.1299239,-0.00097518414,0.03478463,0.0143478885
203,0.0014230385,0.0021871813,-0.01983022,-0.01321274,0.18298733,0.079874694,1.2094066,1.2069234,-0.014847808,0.27228945,0.70028794,1.1300263,-0.0009711534,0.03477636,0.014353603
204,0.0014088601,0.0021839477,-0.019840933,-0.0132266395,0.18303384,0.07993081,1.2095178,1.2069149,-0.014841072,0.27230686,0.7003476,1.1301267,-0.00096678734,0.034768537,0.014357656
205,0.0013956279,0.0021809451,-0.019850262,-0.01323897,0.1830793,0.07998487,1.2096235,1.2069061,-0.014834896,0.27232474,0.7004086,1.1302252,-0.0009621978,0.03476119,0.014360443
206,0.0013830215,0.0021779276,-0.01985842,-0.013249874,0.18312338,0.080036625,1.209724,1.2068971,-0.014828928,0.27234277,0.7004701,1.1303215,-0.0009574294,0.03475426,0.014361888
207,0.0013709366,0.002175074,-0.019865818,-0.013259649,0.18316618,0.080086306,1.2098194,1.206888,-0.014823303,0.27236083,0.70053196,1.1304151,-0.00095275044,0.034747764,0.014362201
208,0.0013595894,0.0021724366,-0.019872196,-0.013268154,0.18320763,0.080133885,1.2099104,1.2068787,-0.0148178935,0.2723789,0.7005937,1.1305062,-0.0009480715,0.034741566,0.014361769
209,0.0013490021,0.0021697767,-0.01987771,-0.013275757,0.18324775,0.08017935,1.2099967,1.2068694,-0.014812961,0.272397,0.70065504,1.1305943,-0.0009432882,0.03473568,0.014360525
210,0.0013386756,0.0021672212,-0.019882694,-0.013282474,0.1832864,0.080222785,1.2100788,1.2068603,-0.014808118,0.27241477,0.7007158,1.1306796,-0.00093863904,0.03473016,0.014358401
211,0.0013294443,0.0021649934,-0.019886762,-0.013288178,0.18332368,0.080264226,1.2101569,1.2068511,-0.014803648,0.27243248,0.7007754,1.1307621,-0.00093411654,0.03472495,0.014356032
212,0.0013203323,0.002162639,-0.019890845,-0.013293404,0.18335962,0.08030386,1.2102311,1.2068422,-0.014799379,0.27244997,0.7008343,1.1308416,-0.0009297207,0.0347199,0.01435291
213,0.0013120025,0.0021606125,-0.019893989,-0.01329786,0.18339407,0.080341585,1.2103018,1.2068335,-0.014795348,0.27246702,0.7008918,1.130918,-0.00092536956,0.03471517,0.01434952
214,0.0013041347,0.0021586604,-0.019896872,-0.013301805,0.18342727,0.080377415,1.2103689,1.2068249,-0.014791556,0.27248377,0.7009479,1.1309912,-0.00092118233,0.03471061,0.014345832
215,0.0012967885,0.00215685,-0.019899309,-0.013305154,0.18345904,0.08041167,1.2104326,1.2068167,-0.014787838,0.27250007,0.70100266,1.1310619,-0.0009171963,0.034706265,0.014341965
216,0.0012898967,0.0021552406,-0.019901454,-0.013308004,0.18348946,0.0804442,1.2104933,1.2068084,-0.014784373,0.272516,0.7010557,1.1311295,-0.0009133294,0.034702137,0.014337957
217,0.0012833327,0.0021534376,-0.019903593,-0.013310656,0.1835188,0.08047518,1.2105509,1.2068005,-0.014781162,0.27253157,0.7011072,1.1311942,-0.00090961903,0.034698136,0.014333762
218,0.0012773275,0.002152089,-0.019905105,-0.013312731,0.1835467,0.08050451,1.2106057,1.2067928,-0.014777988,0.2725465,0.7011572,1.1312562,-0.0009061098,0.03469436,0.014329568
219,0.0012716278,0.0021507703,-0.019906595,-0.013314549,0.1835734,0.0805324,1.210658,1.2067857,-0.014775068,0.2725612,0.7012054,1.1313154,-0.00090268254,0.034690686,0.014325224
220,0.0012663528,0.0021495335,-0.019907847,-0.013316054,0.1835989,0.08055897,1.2107075,1.2067785,-0.014772229,0.27257526,0.701252,1.131372,-0.00089938194,0.03468723,0.014321007
221,0.0012613386,0.002148386,-0.019908965,-0.01331735,0.18362331,0.08058414,1.2107548,1.2067716,-0.014769524,0.2725889,0.70129687,1.1314259,-0.0008963272,0.034683853,0.014316708
222,0.0012567714,0.0021473803,-0.019910082,-0.013318397,0.18364649,0.08060798,1.2107997,1.206765,-0.014766961,0.27260202,0.70134,1.1314775,-0.0008934289,0.034680642,0.014312595
223,0.0012524575,0.002146352,-0.019911073,-0.013319332,0.18366876,0.080630675,1.2108421,1.2067589,-0.014764592,0.27261472,0.70138156,1.1315266,-0.0008906126,0.034677505,0.014308378
224,0.0012483746,0.0021455996,-0.019911818,-0.013319988,0.18368986,0.0806521,1.2108828,1.2067528,-0.0147622,0.2726269,0.7014215,1.1315734,-0.00088801235,0.034674563,0.014304504
225,0.0012447163,0.002144765,-0.0199126,-0.013320554,0.18371007,0.08067256,1.2109213,1.2067469,-0.01476007,0.27263862,0.70145977,1.1316179,-0.00088538975,0.034671657,0.014300525
226,0.0012411028,0.0021441318,-0.019913152,-0.013320956,0.18372923,0.08069186,1.210958,1.2067413,-0.0147578865,0.27264982,0.70149636,1.1316606,-0.0008830279,0.034668915,0.014296733
227,0.0012377873,0.002143491,-0.019913897,-0.013321266,0.18374756,0.08071014,1.2109929,1.2067361,-0.014755905,0.27266064,0.7015315,1.1317009,-0.0008808151,0.03466624,0.014293179
228,0.0012347698,0.00214288,-0.019914418,-0.013321463,0.1837649,0.08072751,1.2110261,1.206731,-0.014754027,0.27267098,0.70156515,1.1317394,-0.0008786917,0.034663707,0.014289632
229,0.0012318939,0.002142433,-0.019914828,-0.013321601,0.18378147,0.08074395,1.2110577,1.206726,-0.014752194,0.27268088,0.70159733,1.1317759,-0.0008765757,0.03466127,0.01428625
230,0.0012291968,0.0021419115,-0.019915566,-0.01332169,0.18379721,0.08075961,1.2110876,1.2067213,-0.014750384,0.27269042,0.70162815,1.1318107,-0.00087471306,0.0346589,0.014282927
231,0.0012268424,0.0021414645,-0.019916028,-0.013321716,0.18381214,0.08077438,1.2111162,1.2067168,-0.014748752,0.27269948,0.7016575,1.1318438,-0.0008728951,0.03465663,0.014279857
232,0.001224488,0.0021412708,-0.019916415,-0.013321616,0.18382639,0.08078836,1.2111434,1.2067126,-0.0147471875,0.2727081,0.7016855,1.1318752,-0.00087106973,0.034654476,0.014276929
233,0.0012223125,0.0021409206,-0.019916765,-0.013321467,0.1838399,0.0808016,1.2111689,1.2067086,-0.01474569,0.2727164,0.7017122,1.131905,-0.00086948276,0.034652375,0.014274068
234,0.0012202859,0.0021406747,-0.019917242,-0.013321441,0.18385273,0.08081424,1.2111937,1.2067046,-0.014744163,0.27272427,0.70173776,1.1319332,-0.00086793303,0.034650385,0.014271371
235,0.0012184381,0.0021404363,-0.0199176,-0.013321254,0.18386495,0.08082609,1.2112172,1.206701,-0.014742851,0.2727318,0.70176196,1.1319602,-0.0008665174,0.034648478,0.014268823
236,0.0012165457,0.0021402724,-0.019918047,-0.013321072,0.18387653,0.080837406,1.2112393,1.2066973,-0.01474148,0.27273887,0.7017852,1.1319858,-0.0008651167,0.034646653,0.014266297
237,0.0012149289,0.0021401457,-0.019918442,-0.013320852,0.1838875,0.08084805,1.2112606,1.206694,-0.014740281,0.27274573,0.70180726,1.13201,-0.0008637905,0.03464485,0.014264092
238,0.001213409,0.0021399744,-0.019918762,-0.013320629,0.18389803,0.08085825,1.2112806,1.2066908,-0.014739096,0.27275214,0.70182824,1.1320331,-0.0008625239,0.034643196,0.014261842
239,0.0012120083,0.0021400042,-0.019919164,-0.013320383,0.18390802,0.080867946,1.2112998,1.2066878,-0.014738001,0.27275842,0.70184803,1.1320548,-0.0008613393,0.03464154,0.0142597705
240,0.0012106895,0.0021399446,-0.019919492,-0.013320152,0.18391746,0.08087705,1.2113181,1.2066848,-0.014736801,0.2727642,0.701867,1.1320755,-0.00086030364,0.034640007,0.0142578855
241,0.001209408,0.0021398626,-0.01991988,-0.013319872,0.18392643,0.08088564,1.2113354,1.206682,-0.014735848,0.2727698,0.7018851,1.1320953,-0.00085926056,0.034638554,0.014255971
242,0.0012082607,0.0021398552,-0.019920178,-0.013319645,0.18393487,0.08089382,1.211352,1.2066795,-0.014734954,0.27277514,0.70190215,1.132114,-0.0008582026,0.03463711,0.01425425
243,0.0012071058,0.002139803,-0.019920595,-0.013319466,0.18394297,0.08090161,1.2113675,1.206677,-0.014733888,0.27278012,0.70191854,1.1321318,-0.00085736066,0.034635812,0.014252543
244,0.0012061521,0.0021398924,-0.019920811,-0.0133191645,0.18395057,0.08090888,1.2113825,1.2066747,-0.014733061,0.27278495,0.701934,1.1321485,-0.00085642934,0.0346345,0.014251038
245,0.0012050867,0.0021398105,-0.019921198,-0.013318948,0.1839579,0.080915935,1.2113968,1.2066725,-0.01473216,0.27278954,0.70194876,1.1321645,-0.0008557141,0.0346333,0.014249548
246,0.0012042299,0.0021398626,-0.019921571,-0.013318725,0.18396482,0.08092256,1.2114104,1.2066704,-0.014731459,0.27279386,0.7019627,1.1321796,-0.00085482,0.03463213,0.014248252
247,0.0012034029,0.0021399371,-0.01992172,-0.013318479,0.18397143,0.08092884,1.2114235,1.2066684,-0.0147306025,0.27279794,0.7019759,1.1321939,-0.0008541271,0.03463102,0.014247075
248,0.001202628,0.0021400042,-0.01992213,-0.013318274,0.18397757,0.08093473,1.2114354,1.2066666,-0.014729902,0.27280182,0.7019884,1.1322075,-0.000853464,0.034629993,0.014245696
249,0.0012018606,0.0021400265,-0.019922525,-0.013318103,0.18398345,0.080940366,1.2114472,1.2066647,-0.014729217,0.27280557,0.7020003,1.1322204,-0.00085286796,0.034628965,0.014244609
250,0.0012011155,0.0021401383,-0.019922748,-0.013317864,0.18398902,0.08094574,1.2114584,1.2066631,-0.014728591,0.27280903,0.70201164,1.1322325,-0.00085216016,0.03462798,0.014243558
251,0.0012006015,0.0021401905,-0.019922994,-0.01331763,0.18399435,0.080950886,1.2114692,1.2066615,-0.014727905,0.2728123,0.7020224,1.1322442,-0.00085161626,0.034627117,0.01424253
252,0.0011999235,0.0021402128,-0.019923374,-0.013317503,0.18399943,0.080955714,1.2114792,1.20666,-0.014727339,0.2728155,0.70203245,1.132255,-0.0008510351,0.034626238,0.014241636
253,0.0011993423,0.0021403693,-0.019923523,-0.013317298,0.18400423,0.08096033,1.2114888,1.2066586,-0.01472678,0.27281848,0.7020421,1.1322656,-0.0008505136,0.034625433,0.014240712
254,0.0011988357,0.0021404587,-0.01992374,-0.013317071,0.18400878,0.0809647,1.2114979,1.2066572,-0.014726236,0.27282134,0.70205116,1.1322753,-0.00085009634,0.034624636,0.014239937
255,0.0011982992,0.002140548,-0.01992409,-0.013316952,0.18401316,0.08096884,1.2115067,1.2066561,-0.01472576,0.27282402,0.70205975,1.1322848,-0.0008496195,0.03462389,0.014239073
256,0.0011978224,0.0021407567,-0.019924194,-0.013316721,0.18401715,0.08097271,1.211515,1.2066549,-0.014725268,0.27282655,0.70206785,1.1322936,-0.0008492023,0.034623235,0.014238521
257,0.0011973977,0.0021408238,-0.0199245,-0.013316605,0.18402107,0.08097635,1.2115229,1.2066536,-0.014724776,0.2728289,0.7020757,1.1323019,-0.00084881485,0.034622572,0.014237776
258,0.0011969134,0.0021408238,-0.01992476,-0.013316531,0.1840247,0.08097985,1.2115306,1.2066528,-0.014724404,0.27283126,0.702083,1.1323098,-0.0008484721,0.034621924,0.014237136
259,0.0011966005,0.0021409504,-0.01992499,-0.013316378,0.18402818,0.080983214,1.2115378,1.2066517,-0.014723986,0.27283335,0.7020899,1.1323173,-0.0008480847,0.03462135,0.014236629
260,0.001196079,0.0021408983,-0.019925237,-0.01331633,0.18403153,0.080986395,1.2115445,1.2066509,-0.014723547,0.27283546,0.70209646,1.1323245,-0.0008477941,0.0346208,0.014236011
261,0.0011958852,0.0021411665,-0.019925378,-0.013316065,0.18403465,0.08098945,1.2115511,1.2066503,-0.014723256,0.27283734,0.7021027,1.132331,-0.00084744394,0.03462027,0.014235541
262,0.0011956021,0.0021413006,-0.019925587,-0.013316017,0.18403763,0.08099227,1.2115573,1.2066493,-0.014722839,0.27283922,0.70210856,1.1323376,-0.00084719807,0.034619793,0.014235124
263,0.0011951923,0.0021412186,-0.019925922,-0.013316028,0.18404041,0.08099502,1.2115633,1.2066486,-0.014722519,0.27284098,0.7021141,1.1323435,-0.0008469671,0.03461933,0.014234573
264,0.0011950359,0.002141554,-0.019926034,-0.013315808,0.1840431,0.08099754,1.211569,1.2066479,-0.014722265,0.2728426,0.7021194,1.1323491,-0.00084670633,0.0346189,0.0142342895
265,0.0011946708,0.0021415837,-0.019926213,-0.013315752,0.18404564,0.08100003,1.2115742,1.2066473,-0.0147219,0.27284417,0.70212436,1.1323546,-0.0008465126,0.034618452,0.014233798
266,0.0011944845,0.0021417625,-0.019926354,-0.0133156665,0.18404803,0.0810023,1.2115793,1.2066466,-0.014721662,0.2728456,0.702129,1.1323597,-0.00084625185,0.034618087,0.014233515
267,0.0011942536,0.0021417625,-0.019926652,-0.013315618,0.18405037,0.081004515,1.2115842,1.206646,-0.014721438,0.27284706,0.7021335,1.1323646,-0.0008460656,0.034617715,0.014233045
268,0.00119403,0.0021418743,-0.019926704,-0.013315532,0.18405256,0.08100663,1.2115889,1.2066455,-0.014721088,0.27284834,0.70213765,1.132369,-0.0008458942,0.034617342,0.014232829
269,0.0011938289,0.002142001,-0.01992689,-0.013315462,0.1840546,0.08100863,1.2115934,1.206645,-0.014720932,0.27284956,0.7021416,1.1323735,-0.00084572285,0.034616977,0.014232531
270,0.001193583,0.002142083,-0.01992707,-0.013315428,0.1840565,0.081010506,1.2115978,1.2066448,-0.014720656,0.27285075,0.70214534,1.1323775,-0.0008455515,0.034616724,0.014232226
271,0.0011933744,0.0021420904,-0.019927219,-0.013315398,0.18405841,0.08101232,1.2116017,1.2066443,-0.014720514,0.27285188,0.70214885,1.1323813,-0.0008453727,0.034616455,0.014231965
272,0.0011932179,0.002142232,-0.019927397,-0.013315346,0.18406023,0.08101399,1.2116055,1.2066439,-0.014720239,0.2728529,0.7021522,1.1323853,-0.0008452982,0.034616217,0.014231749
273,0.0011931658,0.0021424405,-0.01992742,-0.013315275,0.18406186,0.0810156,1.2116091,1.2066435,-0.014720097,0.27285394,0.7021553,1.1323885,-0.00084511936,0.034615934,0.014231585
274,0.0011928901,0.0021423586,-0.019927636,-0.013315305,0.18406352,0.08101724,1.2116127,1.2066431,-0.014719874,0.27285486,0.7021582,1.1323919,-0.00084507465,0.03461568,0.014231265
275,0.0011928156,0.0021425523,-0.019927755,-0.013315253,0.18406492,0.08101867,1.2116162,1.206643,-0.014719725,0.27285576,0.7021611,1.1323948,-0.00084492564,0.034615465,0.0142311305
276,0.0011927187,0.002142597,-0.01992789,-0.013315227,0.18406633,0.08102005,1.2116191,1.2066425,-0.014719576,0.27285665,0.7021637,1.1323979,-0.0008447468,0.034615256,0.014230952
277,0.0011925846,0.0021426715,-0.019928,-0.0133152045,0.1840677,0.08102141,1.2116222,1.2066424,-0.014719382,0.27285746,0.7021663,1.1324005,-0.0008447021,0.034615017,0.01423081
278,0.0011924803,0.0021427982,-0.019928046,-0.013315186,0.18406895,0.08102255,1.211625,1.2066422,-0.014719285,0.27285823,0.7021687,1.1324031,-0.00084464997,0.034614854,0.014230728
279,0.0011922941,0.0021427982,-0.019928254,-0.013315216,0.1840702,0.08102377,1.2116278,1.2066418,-0.014719091,0.27285895,0.70217085,1.1324056,-0.00084459037,0.034614682,0.014230534
280,0.0011922196,0.0021429025,-0.019928336,-0.01331516,0.18407136,0.081024915,1.2116306,1.2066417,-0.01471895,0.2728596,0.702173,1.1324079,-0.0008445978,0.034614496,0.014230438
281,0.0011920929,0.002142962,-0.0199285,-0.013315175,0.18407246,0.08102603,1.211633,1.2066416,-0.014718905,0.27286035,0.70217496,1.1324102,-0.0008444339,0.034614347,0.014230251
282,0.0011920407,0.0021430813,-0.019928493,-0.013315152,0.1840735,0.081027016,1.2116354,1.2066413,-0.014718771,0.27286094,0.7021768,1.1324123,-0.0008443892,0.034614198,0.014230236
283,0.001191929,0.0021431334,-0.019928597,-0.013315141,0.18407452,0.08102801,1.2116377,1.2066411,-0.014718629,0.27286145,0.7021786,1.1324142,-0.00084435195,0.034614116,0.014230102
284,0.0011918247,0.0021432154,-0.019928724,-0.01331516,0.18407546,0.08102891,1.2116398,1.2066411,-0.014718518,0.27286208,0.7021803,1.1324161,-0.00084429234,0.034613945,0.014230043
285,0.0011918694,0.0021432377,-0.019928768,-0.013315074,0.18407631,0.08102977,1.2116419,1.206641,-0.014718458,0.27286255,0.7021818,1.1324178,-0.0008442849,0.034613825,0.014229938
286,0.0011916682,0.0021433271,-0.019928917,-0.013315171,0.1840772,0.081030674,1.2116438,1.2066408,-0.014718339,0.27286303,0.70218325,1.1324195,-0.0008441955,0.034613714,0.0142298415
287,0.0011915714,0.0021433644,-0.019929007,-0.013315171,0.18407801,0.08103141,1.2116457,1.2066406,-0.014718249,0.27286354,0.7021847,1.1324211,-0.0008441359,0.034613617,0.014229707
288,0.0011916757,0.0021434985,-0.019928887,-0.013315074,0.1840787,0.08103217,1.2116476,1.2066407,-0.014718145,0.27286386,0.702186,1.1324226,-0.000844121,0.03461355,0.01422976
289,0.001191482,0.0021435283,-0.019929096,-0.013315223,0.18407944,0.08103287,1.2116493,1.2066406,-0.0147180855,0.27286437,0.70218724,1.132424,-0.0008440986,0.03461343,0.014229581
290,0.0011914521,0.002143573,-0.01992914,-0.013315193,0.18408015,0.08103363,1.2116507,1.2066404,-0.0147180855,0.2728647,0.7021885,1.1324254,-0.0008441061,0.034613326,0.014229611
291,0.0011914968,0.0021436177,-0.019929163,-0.013315115,0.18408078,0.08103423,1.2116524,1.2066405,-0.014717922,0.2728651,0.70218956,1.1324266,-0.0008440912,0.034613296,0.014229566
292,0.0011913478,0.0021436028,-0.019929275,-0.013315186,0.18408142,0.081034854,1.2116541,1.2066401,-0.014717892,0.27286547,0.70219064,1.1324278,-0.0008441061,0.0346132,0.014229536
293,0.0011912435,0.0021436773,-0.01992938,-0.013315219,0.18408199,0.081035465,1.2116553,1.2066402,-0.014717855,0.2728658,0.7021916,1.1324289,-0.0008440316,0.034613132,0.014229447
294,0.0011912733,0.0021438114,-0.019929431,-0.013315186,0.18408255,0.08103596,1.2116567,1.2066401,-0.01471781,0.27286613,0.7021925,1.1324298,-0.00084400177,0.03461308,0.014229476
295,0.0011913106,0.0021438338,-0.019929543,-0.01331519,0.18408309,0.08103648,1.211658,1.2066402,-0.014717661,0.27286637,0.70219344,1.1324309,-0.0008439943,0.034613006,0.0142293945
296,0.0011911839,0.002143789,-0.019929565,-0.013315238,0.18408358,0.08103694,1.2116593,1.2066401,-0.014717594,0.2728667,0.7021942,1.1324319,-0.000844039,0.03461293,0.014229357
297,0.0011912137,0.002143968,-0.01992964,-0.01331519,0.18408409,0.08103743,1.2116605,1.2066401,-0.014717616,0.27286696,0.702195,1.1324328,-0.00084397197,0.03461288,0.014229387
298,0.0011911243,0.0021440126,-0.019929595,-0.013315167,0.18408446,0.08103785,1.2116616,1.2066402,-0.014717549,0.27286723,0.7021958,1.1324337,-0.00084397197,0.034612834,0.014229372
299,0.0011910498,0.0021439008,-0.019929893,-0.01331532,0.18408494,0.0810384,1.2116627,1.20664,-0.014717445,0.27286753,0.7021965,1.1324344,-0.0008440316,0.034612797,0.014229238
300,0.0011910498,0.0021440126,-0.019929677,-0.013315279,0.18408534,0.08103875,1.2116637,1.20664,-0.0147174895,0.27286777,0.70219713,1.1324352,-0.0008439496,0.034612723,0.014229298
301,0.0011910647,0.0021440946,-0.01992976,-0.013315283,0.18408573,0.081039146,1.2116647,1.2066399,-0.01471737,0.27286792,0.70219773,1.1324358,-0.00084395707,0.034612678,0.014229357
302,0.0011909455,0.0021440722,-0.0199299,-0.01331535,0.18408613,0.08103953,1.2116654,1.20664,-0.014717355,0.2728681,0.7021983,1.1324368,-0.00084395707,0.034612626,0.014229298
303,0.0011909977,0.0021441467,-0.019929886,-0.013315283,0.18408644,0.08103986,1.2116665,1.2066401,-0.014717303,0.2728683,0.70219886,1.1324372,-0.00084395707,0.034612633,0.014229298
304,0.0011909679,0.0021442361,-0.019929886,-0.013315316,0.18408678,0.08104025,1.2116674,1.20664,-0.014717281,0.27286848,0.7021994,1.1324377,-0.00084391236,0.03461259,0.014229268
305,0.001190938,0.0021442585,-0.019929953,-0.013315387,0.18408707,0.08104052,1.2116681,1.2066399,-0.014717236,0.2728686,0.70219994,1.1324384,-0.00084397197,0.03461255,0.014229231
306,0.0011908263,0.0021442808,-0.019930035,-0.013315365,0.18408737,0.08104083,1.211669,1.20664,-0.014717281,0.27286884,0.7022004,1.132439,-0.0008439496,0.03461253,0.014229171
307,0.0011909455,0.002144333,-0.019930042,-0.0133153945,0.18408771,0.08104117,1.2116697,1.2066399,-0.014717251,0.272869,0.7022008,1.1324395,-0.0008439347,0.03461247,0.014229223
308,0.0011908263,0.002144318,-0.01993005,-0.013315406,0.18408796,0.08104144,1.2116704,1.2066399,-0.014717124,0.27286908,0.70220125,1.13244,-0.00084400177,0.0346125,0.014229201
309,0.0011908188,0.0021443702,-0.019930176,-0.013315402,0.18408819,0.08104169,1.211671,1.20664,-0.014717147,0.2728692,0.7022017,1.1324404,-0.00084400177,0.03461247,0.0142291635
310,0.0011908337,0.0021444075,-0.019930132,-0.013315417,0.18408844,0.08104198,1.2116716,1.2066401,-0.014717117,0.2728694,0.702202,1.1324409,-0.00084392726,0.03461247,0.014229231
311,0.001190871,0.0021443926,-0.019930169,-0.013315402,0.18408874,0.08104219,1.2116723,1.20664,-0.0147171095,0.2728695,0.7022023,1.1324413,-0.00084395707,0.034612425,0.014229253
312,0.0011908337,0.0021443777,-0.019930214,-0.013315428,0.1840889,0.08104241,1.2116728,1.20664,-0.01471708,0.2728696,0.70220274,1.1324416,-0.0008439645,0.034612387,0.014229208
313,0.0011908114,0.0021444373,-0.019930221,-0.013315484,0.18408915,0.08104268,1.2116734,1.20664,-0.014717035,0.27286977,0.70220304,1.1324421,-0.00084394217,0.034612387,0.014229149
314,0.0011908114,0.002144497,-0.019930236,-0.013315443,0.18408929,0.0810428,1.2116739,1.2066401,-0.014717005,0.27286977,0.7022033,1.1324425,-0.00084397197,0.03461232,0.014229208
315,0.0011907294,0.0021443851,-0.019930303,-0.0133155435,0.18408945,0.08104296,1.2116742,1.20664,-0.014716983,0.27286988,0.7022036,1.1324427,-0.0008439496,0.034612335,0.014229208
316,0.0011907071,0.002144467,-0.01993037,-0.013315577,0.18408975,0.08104324,1.2116749,1.20664,-0.014716983,0.27287003,0.70220387,1.1324432,-0.00084395707,0.034612313,0.014229089
317,0.001190804,0.002144549,-0.019930296,-0.013315495,0.18408991,0.08104343,1.2116753,1.2066401,-0.014717005,0.27287015,0.7022041,1.1324435,-0.0008439198,0.034612283,0.014229193
318,0.0011907965,0.002144549,-0.019930318,-0.013315525,0.18409008,0.08104357,1.2116758,1.20664,-0.014716916,0.27287012,0.7022043,1.1324438,-0.00084394217,0.03461229,0.014229156
319,0.0011908188,0.0021446012,-0.019930333,-0.013315506,0.18409017,0.081043705,1.2116762,1.20664,-0.014716886,0.27287024,0.7022046,1.132444,-0.00084397197,0.034612253,0.014229149
320,0.0011907071,0.0021445863,-0.019930393,-0.013315558,0.18409036,0.081043914,1.2116766,1.20664,-0.014716916,0.27287036,0.7022048,1.1324443,-0.0008439496,0.03461224,0.014229104
321,0.001190722,0.0021446384,-0.019930363,-0.013315573,0.1840905,0.08104397,1.211677,1.2066399,-0.014716886,0.2728704,0.70220494,1.1324444,-0.00084400177,0.034612246,0.014229178
322,0.0011906475,0.002144549,-0.019930497,-0.013315614,0.18409063,0.08104416,1.2116773,1.20664,-0.014716871,0.2728705,0.7022051,1.1324447,-0.00084394217,0.03461223,0.014229089
323,0.0011907443,0.0021446757,-0.01993046,-0.013315536,0.18409073,0.08104428,1.2116777,1.20664,-0.014716886,0.27287054,0.70220536,1.132445,-0.00084395707,0.034612224,0.014229171
324,0.0011906251,0.002144631,-0.019930482,-0.013315614,0.18409088,0.081044465,1.2116781,1.20664,-0.014716797,0.2728706,0.70220554,1.1324452,-0.00084397197,0.03461226,0.014229104
325,0.0011906624,0.0021446906,-0.019930437,-0.013315573,0.18409096,0.081044525,1.2116784,1.20664,-0.014716826,0.2728707,0.7022057,1.1324452,-0.0008439496,0.034612224,0.014229208
326,0.0011906475,0.0021446608,-0.019930512,-0.013315614,0.18409115,0.08104469,1.2116786,1.20664,-0.014716849,0.27287078,0.7022059,1.1324455,-0.00084391236,0.034612224,0.014229149
327,0.0011906773,0.0021447353,-0.019930445,-0.013315596,0.18409124,0.0810448,1.2116791,1.2066399,-0.014716752,0.27287078,0.702206,1.1324457,-0.00084398687,0.03461224,0.014229134
328,0.0011905879,0.0021446683,-0.019930467,-0.013315599,0.18409131,0.08104487,1.2116793,1.20664,-0.014716789,0.27287084,0.70220613,1.1324458,-0.0008439943,0.034612224,0.014229141
329,0.0011905804,0.002144646,-0.019930497,-0.013315674,0.18409142,0.081045,1.2116795,1.2066401,-0.014716774,0.27287093,0.7022064,1.132446,-0.0008439943,0.03461224,0.014229089
330,0.00119064,0.0021447279,-0.01993049,-0.013315644,0.18409154,0.08104506,1.2116798,1.20664,-0.014716797,0.27287096,0.7022065,1.1324463,-0.00084397197,0.0346122,0.014229104
331,0.0011906177,0.002144795,-0.019930504,-0.013315614,0.1840916,0.08104518,1.2116799,1.20664,-0.014716834,0.27287102,0.70220655,1.1324463,-0.00084389746,0.034612216,0.014229134
332,0.0011906326,0.0021447353,-0.019930445,-0.013315603,0.18409172,0.08104527,1.2116802,1.20664,-0.014716715,0.27287096,0.7022067,1.1324465,-0.0008439496,0.03461224,0.014229119
333,0.0011905879,0.0021447428,-0.019930594,-0.013315711,0.18409178,0.081045344,1.2116804,1.2066401,-0.014716759,0.27287105,0.7022068,1.1324466,-0.00084392726,0.03461217,0.0142290145
334,0.0011906698,0.0021448098,-0.019930527,-0.013315618,0.18409182,0.08104543,1.2116808,1.2066401,-0.0147167295,0.27287105,0.7022069,1.1324468,-0.00084400177,0.03461217,0.014229171
335,0.0011906475,0.0021448247,-0.019930542,-0.0133156255,0.18409184,0.08104545,1.2116809,1.20664,-0.014716722,0.27287108,0.702207,1.1324469,-0.0008440316,0.03461217,0.014229119
336,0.0011905655,0.0021447428,-0.019930623,-0.013315674,0.18409203,0.08104558,1.211681,1.20664,-0.014716767,0.27287117,0.7022071,1.1324469,-0.00084392726,0.03461214,0.014229044
337,0.0011906773,0.0021448173,-0.019930549,-0.013315652,0.18409204,0.08104563,1.2116812,1.20664,-0.014716722,0.27287117,0.7022072,1.1324471,-0.0008439198,0.03461214,0.014229223
338,0.0011906475,0.0021448098,-0.019930601,-0.013315681,0.1840921,0.08104572,1.2116815,1.20664,-0.014716737,0.2728712,0.70220727,1.1324472,-0.00084395707,0.03461217,0.014229193
339,0.00119064,0.002144847,-0.019930556,-0.013315678,0.18409213,0.08104575,1.2116817,1.20664,-0.014716692,0.2728712,0.7022073,1.1324472,-0.00084400177,0.034612156,0.014229149
340,0.0011905953,0.0021447875,-0.01993063,-0.0133157335,0.18409222,0.08104579,1.2116817,1.2066401,-0.014716737,0.2728713,0.70220745,1.1324474,-0.00084394217,0.03461211,0.014229119
341,0.001190573,0.0021448843,-0.019930579,-0.013315681,0.18409228,0.081045866,1.2116818,1.20664,-0.0147166625,0.27287126,0.7022075,1.1324475,-0.00084397197,0.034612164,0.0142291635
342,0.0011905655,0.0021448992,-0.019930579,-0.013315652,0.18409228,0.0810459,1.2116822,1.2066401,-0.014716685,0.27287132,0.70220757,1.1324476,-0.00084395707,0.034612164,0.014229216
343,0.001190573,0.0021448694,-0.01993063,-0.013315696,0.18409233,0.08104593,1.2116823,1.2066401,-0.014716715,0.27287132,0.70220757,1.1324476,-0.0008439794,0.03461217,0.014229193
344,0.0011904687,0.0021447726,-0.01993072,-0.01331576,0.18409248,0.08104607,1.2116823,1.2066401,-0.0147167295,0.27287138,0.70220774,1.1324477,-0.0008439347,0.03461212,0.014229089
345,0.0011905432,0.0021448396,-0.01993063,-0.013315707,0.18409249,0.08104611,1.2116824,1.2066401,-0.01471667,0.27287138,0.7022077,1.1324478,-0.0008439496,0.034612164,0.014229134
346,0.0011906326,0.002144929,-0.019930542,-0.013315689,0.18409246,0.081046134,1.2116827,1.2066401,-0.0147167,0.27287138,0.7022078,1.132448,-0.0008439496,0.034612127,0.014229178
347,0.0011905953,0.0021448992,-0.019930571,-0.0133157,0.18409252,0.081046164,1.2116827,1.20664,-0.01471667,0.27287138,0.70220786,1.1324478,-0.0008439943,0.034612127,0.014229149
348,0.0011906177,0.0021448694,-0.019930616,-0.0133157335,0.18409252,0.081046164,1.2116827,1.2066402,-0.01471664,0.27287143,0.7022079,1.132448,-0.0008439943,0.034612164,0.014229089
349,0.0011906326,0.0021448545,-0.019930638,-0.013315763,0.18409257,0.08104618,1.2116829,1.2066401,-0.0147167,0.27287143,0.702208,1.132448,-0.00084397197,0.03461212,0.014229119
350,0.0011905879,0.0021448843,-0.019930698,-0.013315763,0.18409264,0.08104627,1.211683,1.2066401,-0.0147166625,0.27287143,0.702208,1.1324481,-0.00084397197,0.03461215,0.014229149
351,0.0011906251,0.0021449067,-0.019930571,-0.013315726,0.18409263,0.08104626,1.2116832,1.2066402,-0.01471661,0.2728714,0.70220804,1.1324481,-0.00084400177,0.03461217,0.0142291635
352,0.0011904985,0.0021448396,-0.01993066,-0.01331576,0.1840927,0.08104633,1.2116832,1.2066402,-0.0147166625,0.2728715,0.7022081,1.1324481,-0.0008439794,0.034612104,0.014229111
353,0.0011905581,0.0021448322,-0.01993072,-0.013315845,0.1840928,0.081046455,1.2116833,1.2066401,-0.014716633,0.2728715,0.70220816,1.1324481,-0.00084398687,0.03461212,0.014229134
354,0.0011906326,0.0021449365,-0.019930579,-0.01331573,0.18409276,0.08104639,1.2116834,1.2066401,-0.014716655,0.2728715,0.70220816,1.1324483,-0.00084395707,0.03461211,0.0142291635
355,0.0011905506,0.0021449067,-0.01993069,-0.013315808,0.1840928,0.08104643,1.2116834,1.2066401,-0.014716633,0.2728715,0.7022083,1.1324484,-0.00084395707,0.034612127,0.0142290965
356,0.0011905953,0.0021448918,-0.019930713,-0.013315801,0.18409279,0.08104643,1.2116835,1.2066401,-0.014716633,0.27287155,0.7022083,1.1324484,-0.00084398687,0.034612134,0.014229119
357,0.0011906326,0.0021449812,-0.019930616,-0.013315786,0.18409286,0.081046514,1.2116835,1.2066402,-0.014716633,0.2728715,0.70220834,1.1324484,-0.00084400177,0.034612104,0.014229119
358,0.0011905953,0.002144929,-0.019930646,-0.013315778,0.18409282,0.08104652,1.2116836,1.2066402,-0.014716648,0.27287152,0.70220846,1.1324484,-0.00084400177,0.03461211,0.014229149
359,0.0011905208,0.0021448992,-0.019930698,-0.013315801,0.1840929,0.08104662,1.2116838,1.2066401,-0.014716648,0.27287155,0.7022084,1.1324486,-0.0008439794,0.034612097,0.014229074
360,0.0011905432,0.0021448992,-0.019930705,-0.013315786,0.18409294,0.08104664,1.2116838,1.2066402,-0.014716648,0.27287155,0.7022084,1.1324486,-0.00084395707,0.034612082,0.0142290965
361,0.0011905879,0.0021449514,-0.01993063,-0.013315804,0.18409298,0.08104661,1.2116839,1.2066402,-0.014716648,0.27287155,0.70220846,1.1324487,-0.00084395707,0.034612097,0.014229134
362,0.0011905953,0.0021449812,-0.01993063,-0.013315804,0.18409298,0.08104664,1.211684,1.2066402,-0.014716618,0.27287155,0.70220846,1.1324487,-0.0008439645,0.03461211,0.0142291635
363,0.0011905283,0.0021449216,-0.019930698,-0.01331583,0.18409298,0.081046626,1.211684,1.2066401,-0.0147165805,0.27287158,0.7022085,1.1324487,-0.00084397197,0.03461214,0.014229104
364,0.0011905655,0.002144929,-0.019930705,-0.013315834,0.18409307,0.081046656,1.211684,1.2066402,-0.014716648,0.27287164,0.7022085,1.1324487,-0.0008439645,0.03461212,0.014229134
365,0.0011906251,0.0021449514,-0.01993063,-0.013315808,0.18409303,0.08104667,1.2116841,1.20664,-0.0147165805,0.27287158,0.7022085,1.1324487,-0.00084395707,0.03461212,0.014229141
366,0.001190573,0.0021449141,-0.019930683,-0.013315827,0.18409303,0.08104667,1.2116842,1.2066402,-0.014716588,0.27287167,0.7022086,1.1324488,-0.0008439645,0.03461212,0.014229141
367,0.001190491,0.0021448918,-0.019930795,-0.013315849,0.18409307,0.08104673,1.2116842,1.2066401,-0.014716677,0.2728717,0.70220864,1.1324487,-0.00084397197,0.03461211,0.014229104
368,0.0011905581,0.0021449663,-0.01993066,-0.0133157745,0.18409309,0.081046745,1.2116842,1.2066402,-0.014716603,0.27287158,0.70220864,1.1324488,-0.00084395707,0.034612134,0.014229178
369,0.0011905804,0.0021449663,-0.01993069,-0.013315793,0.18409309,0.08104673,1.2116842,1.2066402,-0.014716618,0.2728716,0.70220864,1.1324488,-0.00084394217,0.034612127,0.0142291635
370,0.0011905432,0.0021449514,-0.01993066,-0.013315845,0.18409309,0.08104673,1.2116843,1.2066402,-0.014716521,0.27287158,0.7022087,1.1324488,-0.0008440092,0.034612156,0.014229178
371,0.0011905432,0.0021449812,-0.019930698,-0.013315868,0.18409315,0.081046805,1.2116845,1.2066402,-0.014716633,0.27287164,0.70220876,1.1324488,-0.0008439794,0.034612127,0.014229134
372,0.0011904836,0.0021449067,-0.01993069,-0.0133158825,0.18409316,0.081046835,1.2116846,1.2066402,-0.0147166625,0.27287164,0.70220876,1.1324488,-0.00084395707,0.03461211,0.014229119
373,0.0011905134,0.0021450035,-0.019930676,-0.013315838,0.18409318,0.081046805,1.2116846,1.2066402,-0.014716573,0.27287164,0.7022088,1.1324488,-0.00084398687,0.03461211,0.014229141
374,0.0011906177,0.002144996,-0.019930676,-0.013315808,0.18409318,0.08104679,1.2116846,1.2066402,-0.014716618,0.27287167,0.7022088,1.1324489,-0.00084398687,0.03461211,0.014229193
375,0.0011905432,0.002144996,-0.019930676,-0.013315834,0.18409313,0.08104676,1.2116846,1.2066402,-0.014716648,0.2728717,0.7022088,1.1324489,-0.0008439645,0.034612097,0.014229186
376,0.0011906028,0.0021449588,-0.019930705,-0.013315842,0.18409315,0.08104679,1.2116846,1.2066402,-0.014716588,0.27287167,0.7022088,1.1324489,-0.0008439943,0.034612082,0.014229126
377,0.0011906102,0.002144944,-0.019930653,-0.013315842,0.18409316,0.08104678,1.2116847,1.2066402,-0.014716633,0.27287167,0.7022088,1.1324489,-0.00084398687,0.034612082,0.014229149
378,0.0011905804,0.0021449216,-0.01993069,-0.013315864,0.18409318,0.08104682,1.2116846,1.2066402,-0.014716603,0.27287173,0.7022088,1.132449,-0.00084397197,0.034612074,0.014229156
379,0.0011906251,0.0021449514,-0.019930646,-0.01331583,0.18409319,0.08104683,1.2116847,1.2066401,-0.014716633,0.27287167,0.7022088,1.132449,-0.00084400177,0.034612082,0.014229141
380,0.0011906251,0.0021449588,-0.01993063,-0.013315819,0.1840932,0.08104681,1.2116847,1.20664,-0.014716633,0.27287167,0.7022088,1.132449,-0.0008440167,0.03461209,0.014229156
381,0.0011905953,0.0021449812,-0.019930623,-0.01331586,0.18409319,0.08104685,1.2116847,1.20664,-0.014716633,0.27287173,0.7022089,1.1324489,-0.0008440167,0.034612097,0.0142291635
382,0.0011905283,0.002144944,-0.019930676,-0.013315849,0.1840932,0.08104681,1.2116847,1.2066401,-0.014716618,0.2728717,0.7022089,1.1324489,-0.0008440167,0.034612097,0.014229134
383,0.0011906028,0.0021449886,-0.019930646,-0.013315804,0.18409319,0.081046835,1.2116848,1.2066401,-0.014716603,0.2728717,0.7022089,1.132449,-0.0008439943,0.034612097,0.014229223
384,0.0011906326,0.002144944,-0.019930698,-0.013315842,0.18409319,0.08104684,1.2116848,1.2066401,-0.01471664,0.2728717,0.7022089,1.1324489,-0.00084395707,0.034612082,0.014229149
385,0.0011906177,0.0021449737,-0.019930676,-0.01331586,0.1840932,0.08104686,1.2116848,1.2066401,-0.014716595,0.27287167,0.7022089,1.1324489,-0.00084397197,0.03461209,0.014229223
386,0.0011905581,0.0021450035,-0.019930705,-0.01331583,0.1840932,0.081046835,1.2116848,1.2066401,-0.014716588,0.27287167,0.7022089,1.1324489,-0.00084397197,0.03461209,0.014229186
387,0.0011905432,0.0021449812,-0.019930653,-0.013315856,0.1840932,0.08104686,1.2116848,1.2066402,-0.014716625,0.2728717,0.70220894,1.132449,-0.00084398687,0.034612074,0.014229216
388,0.0011905581,0.0021449663,-0.01993066,-0.013315842,0.1840932,0.08104685,1.2116848,1.2066401,-0.014716566,0.2728717,0.70220894,1.132449,-0.0008439943,0.03461211,0.014229186
389,0.001190573,0.0021449663,-0.019930713,-0.013315808,0.18409324,0.08104688,1.2116848,1.2066402,-0.014716655,0.27287173,0.702209,1.1324489,-0.00084397197,0.034612074,0.0142291635
390,0.0011906177,0.0021450408,-0.019930623,-0.013315812,0.18409324,0.08104685,1.2116848,1.2066401,-0.0147165805,0.2728717,0.70220894,1.132449,-0.00084400177,0.03461209,0.014229268
391,0.0011905879,0.002144996,-0.019930698,-0.013315827,0.18409324,0.081046864,1.211685,1.20664,-0.014716595,0.27287173,0.70220894,1.132449,-0.00084398687,0.034612082,0.014229141
392,0.0011905655,0.0021449886,-0.01993069,-0.013315808,0.1840932,0.08104685,1.2116851,1.20664,-0.014716625,0.27287173,0.702209,1.132449,-0.00084400177,0.03461209,0.0142291635
393,0.0011905581,0.002145011,-0.01993069,-0.013315789,0.18409322,0.081046864,1.211685,1.20664,-0.014716595,0.27287173,0.70220894,1.132449,-0.0008440167,0.034612097,0.014229193
394,0.0011906028,0.0021449886,-0.01993075,-0.013315801,0.1840933,0.081046894,1.211685,1.20664,-0.01471661,0.27287173,0.70220894,1.132449,-0.00084398687,0.034612097,0.0142291635
395,0.0011905581,0.0021450184,-0.019930683,-0.013315793,0.18409327,0.081046864,1.2116851,1.20664,-0.01471661,0.27287173,0.702209,1.132449,-0.00084397197,0.034612074,0.0142291635
396,0.0011905432,0.0021450482,-0.01993072,-0.0133158155,0.18409324,0.08104686,1.2116851,1.20664,-0.014716595,0.27287173,0.70220894,1.132449,-0.00084398687,0.03461209,0.0142291635
397,0.001190573,0.0021450333,-0.019930653,-0.013315823,0.18409324,0.08104688,1.211685,1.2066401,-0.014716566,0.2728717,0.702209,1.132449,-0.00084400177,0.03461209,0.0142291635
398,0.0011905506,0.0021450557,-0.019930705,-0.013315786,0.18409325,0.081046894,1.211685,1.2066402,-0.014716595,0.27287173,0.70220906,1.132449,-0.00084400177,0.034612067,0.014229193
399,0.0011905357,0.002145011,-0.019930713,-0.013315823,0.18409327,0.08104694,1.2116851,1.2066402,-0.014716566,0.27287173,0.70220906,1.132449,-0.00084398687,0.034612074,0.014229134
400,0.0011905506,0.0021450333,-0.019930683,-0.013315838,0.1840933,0.08104693,1.2116851,1.2066402,-0.014716566,0.27287173,0.702209,1.132449,-0.00084400177,0.034612074,0.014229149
401,0.0011905879,0.0021450259,-0.019930713,-0.013315842,0.18409333,0.08104696,1.2116851,1.2066402,-0.01471661,0.27287173,0.70220906,1.132449,-0.00084397197,0.03461206,0.014229208
402,0.0011906177,0.0021450482,-0.019930683,-0.013315827,0.1840933,0.08104697,1.2116851,1.2066401,-0.014716566,0.27287167,0.70220906,1.132449,-0.00084398687,0.034612067,0.014229223
403,0.0011905283,0.0021450482,-0.01993075,-0.013315842,0.18409333,0.081046954,1.2116852,1.2066402,-0.014716551,0.2728717,0.70220906,1.132449,-0.00084397197,0.034612074,0.014229149
404,0.0011905581,0.002144996,-0.019930676,-0.013315856,0.18409334,0.08104698,1.2116851,1.2066402,-0.014716551,0.27287173,0.70220906,1.1324492,-0.0008440167,0.034612082,0.014229171
405,0.0011905581,0.0021450259,-0.019930728,-0.01331586,0.18409333,0.08104698,1.2116851,1.2066401,-0.0147165805,0.27287173,0.70220906,1.1324492,-0.00084392726,0.03461206,0.0142291635
406,0.001190491,0.0021450035,-0.01993072,-0.013315864,0.18409337,0.081047006,1.2116852,1.2066401,-0.0147165805,0.27287173,0.70220906,1.1324492,-0.0008439645,0.034612082,0.0142291635
407,0.0011905506,0.0021450408,-0.01993066,-0.013315856,0.18409337,0.08104703,1.2116852,1.2066402,-0.014716566,0.27287167,0.70220906,1.1324492,-0.0008439347,0.034612127,0.014229193
408,0.0011906177,0.0021450482,-0.019930713,-0.013315879,0.1840934,0.08104705,1.2116852,1.2066401,-0.014716551,0.27287167,0.70220906,1.1324492,-0.0008439496,0.03461212,0.014229171
409,0.0011905655,0.002144996,-0.019930713,-0.013315838,0.18409336,0.08104698,1.2116852,1.2066404,-0.014716595,0.27287173,0.70220906,1.1324492,-0.00084392726,0.03461211,0.014229171
410,0.0011905655,0.0021450855,-0.019930676,-0.013315834,0.1840934,0.08104704,1.2116852,1.2066401,-0.0147165805,0.27287173,0.7022091,1.1324493,-0.00084397197,0.034612104,0.014229134
411,0.0011905804,0.002144996,-0.019930713,-0.013315868,0.18409336,0.08104698,1.2116852,1.2066402,-0.014716573,0.27287173,0.7022091,1.1324492,-0.00084398687,0.034612127,0.014229119
412,0.0011905059,0.002144996,-0.019930713,-0.013315864,0.18409336,0.08104703,1.2116852,1.2066402,-0.014716573,0.2728717,0.7022091,1.1324493,-0.00084394217,0.03461211,0.0142291635
413,0.001190573,0.0021450333,-0.019930638,-0.013315849,0.18409336,0.081047,1.2116852,1.2066404,-0.014716588,0.27287173,0.7022091,1.1324493,-0.00084394217,0.03461212,0.014229178
414,0.001190573,0.0021450631,-0.019930653,-0.01331586,0.1840934,0.08104701,1.2116852,1.2066402,-0.014716595,0.27287173,0.7022091,1.1324493,-0.00084397197,0.034612097,0.014229171
415,0.0011905357,0.0021450259,-0.01993069,-0.013315875,0.1840934,0.08104703,1.2116852,1.2066402,-0.014716543,0.27287173,0.70220906,1.1324493,-0.00084400177,0.03461211,0.014229119
416,0.0011905953,0.0021450482,-0.019930676,-0.013315853,0.18409339,0.081047,1.2116852,1.2066402,-0.014716595,0.27287173,0.7022091,1.1324493,-0.00084395707,0.034612104,0.014229178
417,0.0011906028,0.0021450333,-0.019930676,-0.013315864,0.18409337,0.081047,1.2116852,1.2066402,-0.014716595,0.27287173,0.70220906,1.1324493,-0.00084395707,0.03461212,0.014229193
418,0.0011905283,0.0021449886,-0.01993069,-0.0133158825,0.18409342,0.08104706,1.2116852,1.2066402,-0.0147165805,0.27287176,0.70220906,1.1324493,-0.00084400177,0.034612097,0.014229208
419,0.0011905432,0.0021450035,-0.019930683,-0.0133158825,0.1840934,0.08104704,1.2116852,1.2066402,-0.0147165805,0.27287176,0.7022091,1.1324493,-0.00084394217,0.03461212,0.014229178
420,0.0011905283,0.0021449886,-0.019930698,-0.0133158825,0.18409343,0.08104705,1.2116852,1.2066402,-0.014716566,0.27287173,0.70220906,1.1324492,-0.00084395707,0.03461211,0.014229178
421,0.0011905953,0.0021450408,-0.019930698,-0.013315849,0.18409345,0.08104707,1.2116852,1.2066402,-0.014716566,0.27287173,0.7022091,1.1324493,-0.00084395707,0.03461212,0.014229171
422,0.0011905953,0.0021450706,-0.019930698,-0.013315845,0.18409342,0.08104703,1.2116852,1.2066402,-0.014716543,0.27287173,0.7022091,1.1324493,-0.00084395707,0.03461212,0.014229149
423,0.0011905432,0.0021450557,-0.019930676,-0.013315845,0.18409342,0.08104704,1.2116852,1.2066402,-0.0147165805,0.27287173,0.7022091,1.1324493,-0.00084397197,0.034612104,0.014229149
424,0.0011906028,0.0021450482,-0.019930676,-0.01331586,0.18409342,0.08104704,1.2116852,1.2066404,-0.014716566,0.27287173,0.7022091,1.1324493,-0.00084395707,0.03461211,0.014229178
425,0.0011906028,0.0021450557,-0.019930676,-0.013315842,0.1840934,0.08104706,1.2116852,1.2066402,-0.014716595,0.27287173,0.70220906,1.1324493,-0.00084395707,0.034612097,0.014229208
426,0.0011904836,0.0021450035,-0.019930728,-0.013315871,0.18409339,0.08104704,1.2116852,1.2066402,-0.014716566,0.27287173,0.7022091,1.1324493,-0.00084398687,0.03461212,0.014229178
427,0.0011905357,0.0021450184,-0.019930743,-0.013315894,0.18409345,0.08104709,1.2116852,1.2066402,-0.014716536,0.27287173,0.7022091,1.1324493,-0.00084395707,0.034612074,0.014229089
428,0.0011906698,0.002145078,-0.019930683,-0.013315856,0.18409342,0.08104703,1.2116853,1.2066404,-0.01471661,0.27287173,0.7022091,1.1324493,-0.00084391236,0.034612082,0.014229208
429,0.0011906102,0.0021450482,-0.019930683,-0.013315871,0.18409342,0.08104704,1.2116853,1.2066404,-0.014716566,0.27287173,0.7022091,1.1324493,-0.00084400177,0.034612104,0.014229104
430,0.0011905357,0.002144996,-0.019930735,-0.013315901,0.18409345,0.08104709,1.2116853,1.2066404,-0.0147165805,0.27287173,0.7022091,1.1324493,-0.00084395707,0.034612104,0.014229119
431,0.0011905953,0.0021450631,-0.019930683,-0.013315834,0.18409345,0.0810471,1.2116852,1.2066402,-0.014716566,0.27287173,0.7022091,1.1324493,-0.00084394217,0.03461211,0.014229201
432,0.0011906102,0.0021450259,-0.019930698,-0.013315864,0.18409345,0.08104704,1.2116853,1.2066404,-0.014716573,0.27287173,0.7022092,1.1324493,-0.0008439347,0.03461211,0.014229193
433,0.0011905581,0.0021450631,-0.01993072,-0.013315894,0.18409342,0.08104706,1.2116853,1.2066402,-0.014716595,0.27287173,0.7022091,1.1324493,-0.00084398687,0.03461212,0.0142291635
434,0.0011905432,0.0021450557,-0.019930713,-0.013315905,0.18409342,0.08104704,1.2116853,1.2066402,-0.014716588,0.27287173,0.7022091,1.1324492,-0.00084395707,0.034612104,0.014229208
435,0.0011905506,0.0021450855,-0.019930713,-0.013315909,0.18409343,0.08104707,1.2116852,1.2066404,-0.014716558,0.2728717,0.7022092,1.1324493,-0.00084394217,0.034612104,0.014229223
436,0.0011906028,0.0021451376,-0.019930623,-0.013315845,0.18409336,0.08104701,1.2116852,1.2066404,-0.014716558,0.27287167,0.70220906,1.1324493,-0.00084397197,0.034612104,0.01422926
437,0.0011905059,0.0021450259,-0.019930795,-0.013315901,0.18409342,0.08104704,1.2116852,1.2066402,-0.014716625,0.27287176,0.70220906,1.1324493,-0.00084394217,0.03461209,0.0142291635
438,0.0011905804,0.0021451078,-0.019930683,-0.013315875,0.18409339,0.08104701,1.2116853,1.2066404,-0.014716558,0.2728717,0.7022091,1.1324492,-0.0008439943,0.03461212,0.014229193
439,0.0011906102,0.0021450482,-0.019930735,-0.01331589,0.18409342,0.08104704,1.2116852,1.2066404,-0.014716566,0.27287173,0.7022092,1.1324493,-0.00084395707,0.034612104,0.014229178
440,0.0011905953,0.0021450631,-0.019930676,-0.013315845,0.18409336,0.08104701,1.2116853,1.2066402,-0.014716595,0.27287173,0.70220906,1.1324493,-0.00084397197,0.034612097,0.014229178
441,0.0011906028,0.0021450631,-0.019930676,-0.013315875,0.18409336,0.08104701,1.2116853,1.2066402,-0.014716558,0.27287173,0.70220906,1.1324493,-0.00084398687,0.034612104,0.014229178
442,0.001190573,0.002144996,-0.01993072,-0.013315894,0.18409343,0.08104709,1.2116853,1.2066402,-0.014716595,0.2728718,0.70220906,1.1324493,-0.00084397197,0.03461209,0.014229111
443,0.0011906177,0.0021450706,-0.019930676,-0.013315845,0.18409342,0.081047066,1.2116852,1.2066402,-0.014716595,0.27287176,0.70220906,1.1324493,-0.0008439943,0.034612104,0.014229178
444,0.0011905879,0.0021450631,-0.019930683,-0.013315897,0.18409339,0.08104701,1.2116853,1.2066402,-0.014716595,0.27287173,0.70220906,1.1324492,-0.00084400177,0.034612097,0.014229149
445,0.0011905283,0.0021450333,-0.019930676,-0.013315871,0.18409342,0.08104701,1.2116853,1.2066402,-0.0147165805,0.2728717,0.70220906,1.1324493,-0.00084397197,0.034612104,0.014229178
446,0.0011905953,0.0021450482,-0.019930676,-0.013315879,0.1840934,0.08104704,1.2116853,1.2066402,-0.014716595,0.27287176,0.70220906,1.1324493,-0.00084397197,0.034612097,0.014229149
447,0.0011905357,0.0021450482,-0.019930676,-0.013315875,0.18409339,0.08104704,1.2116853,1.2066402,-0.014716595,0.27287173,0.7022091,1.1324493,-0.00084395707,0.034612104,0.014229186
448,0.0011905953,0.002145078,-0.019930676,-0.013315886,0.18409339,0.081047036,1.2116853,1.2066402,-0.014716536,0.27287176,0.7022091,1.1324493,-0.00084395707,0.03461211,0.014229178
449,0.0011906102,0.0021450259,-0.019930705,-0.013315879,0.18409339,0.08104703,1.2116853,1.2066402,-0.0147165805,0.27287176,0.7022091,1.1324493,-0.00084397197,0.03461209,0.014229186
450,0.0011905953,0.0021449886,-0.019930705,-0.01331586,0.18409343,0.08104705,1.2116853,1.2066402,-0.014716566,0.27287176,0.7022091,1.1324493,-0.00084398687,0.034612082,0.014229119
451,0.0011906102,0.0021450482,-0.019930676,-0.013315853,0.18409343,0.08104704,1.2116853,1.2066402,-0.014716595,0.27287176,0.7022091,1.1324493,-0.00084394217,0.034612104,0.014229178
452,0.0011905953,0.0021450482,-0.019930668,-0.01331586,0.1840934,0.08104704,1.2116853,1.2066402,-0.014716566,0.27287173,0.7022091,1.1324493,-0.00084397197,0.034612104,0.014229178
453,0.0011905506,0.0021449514,-0.019930735,-0.01331592,0.18409348,0.0810471,1.2116853,1.2066402,-0.014716566,0.27287176,0.70220906,1.1324493,-0.00084397197,0.034612104,0.014229156
454,0.0011906102,0.0021450855,-0.019930683,-0.013315849,0.18409342,0.08104707,1.2116853,1.2066404,-0.014716595,0.27287173,0.7022091,1.1324493,-0.0008439049,0.034612104,0.014229178
455,0.0011906102,0.0021450706,-0.019930683,-0.013315875,0.18409342,0.08104705,1.2116853,1.2066404,-0.014716566,0.27287173,0.7022091,1.1324493,-0.00084395707,0.034612104,0.014229178
456,0.0011905506,0.0021450482,-0.019930676,-0.013315871,0.1840934,0.08104701,1.2116853,1.2066402,-0.014716543,0.27287173,0.7022091,1.1324493,-0.00084398687,0.03461212,0.014229178
457,0.0011904687,0.0021449886,-0.019930735,-0.01331592,0.18409346,0.08104709,1.2116852,1.2066404,-0.014716595,0.27287176,0.7022091,1.1324493,-0.00084394217,0.034612104,0.014229149
458,0.0011906102,0.0021451227,-0.019930616,-0.013315797,0.18409342,0.08104706,1.2116853,1.2066404,-0.014716595,0.27287173,0.7022091,1.1324493,-0.00084395707,0.034612127,0.014229208
459,0.0011905953,0.0021450482,-0.019930735,-0.013315886,0.18409345,0.081047066,1.2116853,1.2066402,-0.014716588,0.27287173,0.7022091,1.1324493,-0.0008439645,0.034612104,0.014229119
460,0.0011905879,0.002145093,-0.019930683,-0.013315856,0.18409342,0.081047066,1.2116853,1.2066404,-0.014716573,0.27287173,0.7022091,1.1324493,-0.0008439943,0.034612127,0.014229178
461,0.0011905953,0.0021450631,-0.019930705,-0.013315879,0.18409345,0.0810471,1.2116853,1.2066404,-0.014716588,0.27287176,0.7022091,1.1324493,-0.00084392726,0.034612082,0.014229082
462,0.0011906028,0.002145078,-0.019930646,-0.013315868,0.1840934,0.08104703,1.2116853,1.2066402,-0.014716588,0.2728717,0.7022091,1.1324493,-0.0008439943,0.03461214,0.014229193
463,0.0011905432,0.0021450482,-0.019930705,-0.013315909,0.18409342,0.08104703,1.2116853,1.2066402,-0.014716588,0.2728718,0.7022091,1.1324493,-0.0008439347,0.03461212,0.014229104
464,0.0011906028,0.0021451078,-0.019930616,-0.013315849,0.1840934,0.081047036,1.2116853,1.2066404,-0.014716588,0.27287173,0.7022091,1.1324493,-0.00084395707,0.034612134,0.014229149
465,0.0011904761,0.0021450408,-0.019930735,-0.013315909,0.18409345,0.08104709,1.2116853,1.2066404,-0.014716573,0.27287176,0.7022091,1.1324493,-0.0008439794,0.034612127,0.0142290965
466,0.0011905953,0.0021450557,-0.019930683,-0.013315849,0.18409337,0.08104703,1.2116853,1.2066404,-0.014716588,0.27287173,0.7022091,1.1324493,-0.00084395707,0.034612104,0.014229156
467,0.0011905879,0.002145093,-0.019930616,-0.0133158155,0.1840934,0.081047006,1.2116853,1.2066404,-0.0147165805,0.2728717,0.7022091,1.1324493,-0.00084397197,0.03461211,0.0142291635
468,0.0011905283,0.0021450408,-0.019930676,-0.01331589,0.18409345,0.08104707,1.2116853,1.2066404,-0.014716595,0.2728718,0.7022091,1.1324493,-0.00084395707,0.034612104,0.014229119
469,0.0011905953,0.002145078,-0.019930676,-0.013315875,0.18409339,0.08104704,1.2116853,1.2066404,-0.014716588,0.27287173,0.7022091,1.1324493,-0.00084398687,0.034612104,0.0142291635
470,0.0011905879,0.0021450631,-0.019930616,-0.013315849,0.18409339,0.08104702,1.2116853,1.2066404,-0.014716588,0.27287173,0.7022091,1.1324493,-0.00084395707,0.034612104,0.014229134
471,0.0011905283,0.0021450259,-0.019930683,-0.013315894,0.18409337,0.08104704,1.2116853,1.2066404,-0.014716558,0.27287173,0.7022091,1.1324493,-0.00084395707,0.034612104,0.014229104
472,0.0011905879,0.0021450855,-0.019930683,-0.013315834,0.18409336,0.08104699,1.2116853,1.2066404,-0.0147165805,0.27287173,0.7022091,1.1324493,-0.00084397197,0.034612097,0.014229178
473,0.0011905357,0.0021450557,-0.019930683,-0.013315886,0.18409342,0.08104703,1.2116853,1.2066404,-0.014716595,0.27287173,0.70220906,1.1324492,-0.00084398687,0.03461211,0.014229178
474,0.0011905953,0.0021450259,-0.019930676,-0.013315868,0.18409345,0.08104706,1.2116853,1.2066402,-0.014716551,0.27287173,0.7022091,1.1324493,-0.00084398687,0.03461212,0.014229119
475,0.0011906102,0.0021450855,-0.019930683,-0.013315849,0.18409339,0.08104703,1.2116853,1.2066404,-0.014716595,0.27287173,0.70220906,1.1324492,-0.00084394217,0.034612082,0.014229178
476,0.0011905879,0.0021450184,-0.01993069,-0.013315875,0.18409343,0.08104707,1.2116852,1.2066404,-0.014716595,0.27287173,0.70220906,1.1324492,-0.0008440167,0.03461211,0.014229119
477,0.0011905581,0.0021450259,-0.019930683,-0.0133158825,0.18409342,0.08104704,1.2116853,1.2066402,-0.014716536,0.2728717,0.7022091,1.1324492,-0.00084397197,0.03461212,0.014229119
478,0.0011905804,0.0021450333,-0.019930683,-0.013315849,0.18409342,0.08104706,1.2116853,1.2066404,-0.014716595,0.27287173,0.7022091,1.1324493,-0.00084395707,0.034612104,0.014229178
479,0.0011906028,0.0021450333,-0.019930683,-0.013315897,0.18409348,0.08104707,1.2116853,1.2066404,-0.014716558,0.27287173,0.7022091,1.1324492,-0.00084394217,0.034612082,0.014229119
480,0.0011905506,0.0021450408,-0.019930735,-0.013315886,0.18409345,0.08104707,1.2116853,1.2066404,-0.014716566,0.27287173,0.7022091,1.1324493,-0.00084394217,0.03461211,0.014229178
481,0.0011906102,0.0021451078,-0.019930623,-0.013315849,0.18409342,0.08104705,1.2116853,1.2066402,-0.014716573,0.27287173,0.7022091,1.1324492,-0.0008439794,0.034612104,0.014229268
482,0.0011905432,0.0021450259,-0.019930735,-0.013315901,0.18409345,0.08104704,1.2116853,1.2066404,-0.014716566,0.27287173,0.7022091,1.1324493,-0.00084395707,0.03461212,0.014229149
483,0.0011905879,0.002145078,-0.019930676,-0.0133158825,0.1840934,0.081047036,1.2116853,1.2066404,-0.0147165805,0.27287173,0.7022091,1.1324493,-0.00084395707,0.034612127,0.014229178
484,0.0011905953,0.0021450482,-0.019930676,-0.013315897,0.18409345,0.08104707,1.2116853,1.2066404,-0.014716595,0.27287173,0.7022091,1.1324493,-0.00084392726,0.034612104,0.014229134
485,0.0011905357,0.0021450482,-0.019930676,-0.01331589,0.1840934,0.08104709,1.2116852,1.2066402,-0.014716566,0.27287173,0.7022091,1.1324493,-0.00084400177,0.034612134,0.014229178
486,0.001190573,0.0021450259,-0.01993072,-0.013315894,0.18409343,0.08104705,1.2116853,1.2066404,-0.0147165805,0.27287173,0.7022091,1.1324493,-0.00084395707,0.03461212,0.014229119
487,0.0011905357,0.0021450557,-0.019930713,-0.013315897,0.18409346,0.08104712,1.2116853,1.2066404,-0.0147165805,0.27287173,0.7022091,1.1324493,-0.00084395707,0.034612127,0.014229149
488,0.0011906102,0.0021450557,-0.019930653,-0.013315871,0.18409346,0.0810471,1.2116853,1.2066404,-0.014716573,0.27287173,0.7022091,1.1324493,-0.00084395707,0.03461211,0.014229223
489,0.0011905879,0.0021450557,-0.019930683,-0.013315875,0.18409345,0.081047066,1.2116853,1.2066404,-0.014716588,0.27287173,0.7022091,1.1324492,-0.00084392726,0.034612104,0.014229201
490,0.0011906028,0.0021451078,-0.019930676,-0.013315868,0.18409336,0.08104701,1.2116853,1.2066404,-0.014716543,0.27287167,0.7022091,1.1324493,-0.00084398687,0.034612134,0.0142291635
491,0.0011905134,0.0021449886,-0.019930735,-0.013315909,0.1840934,0.08104704,1.2116853,1.2066404,-0.014716625,0.27287176,0.7022091,1.1324493,-0.00084391236,0.03461209,0.014229074
492,0.0011905953,0.0021451078,-0.019930683,-0.013315856,0.18409342,0.08104705,1.2116853,1.2066404,-0.014716588,0.2728717,0.7022091,1.1324492,-0.00084394217,0.03461211,0.0142291635
493,0.0011906028,0.0021450706,-0.019930683,-0.013315871,0.18409342,0.08104704,1.2116853,1.2066404,-0.014716543,0.27287167,0.7022091,1.1324493,-0.0008439645,0.034612127,0.014229149
494,0.0011905953,0.0021451078,-0.019930616,-0.013315845,0.18409339,0.081047036,1.2116853,1.2066404,-0.014716588,0.27287173,0.7022091,1.1324493,-0.00084397197,0.03461211,0.014229178
495,0.0011904985,0.0021450259,-0.019930705,-0.013315894,0.18409337,0.08104704,1.2116853,1.2066402,-0.014716573,0.27287176,0.7022091,1.1324493,-0.00084400177,0.03461212,0.014229119
496,0.001190573,0.0021450557,-0.019930705,-0.01331589,0.18409345,0.08104706,1.2116853,1.2066404,-0.014716625,0.2728718,0.7022091,1.1324493,-0.00084392726,0.03461209,0.014229074
497,0.0011906549,0.002145093,-0.019930683,-0.013315845,0.18409342,0.08104701,1.2116852,1.2066404,-0.014716588,0.2728717,0.7022091,1.1324492,-0.0008439645,0.034612104,0.014229134
498,0.0011906475,0.0021451004,-0.019930653,-0.013315823,0.1840934,0.08104703,1.2116853,1.2066404,-0.014716588,0.2728717,0.7022091,1.1324493,-0.0008439794,0.03461211,0.014229178
499,0.0011905879,0.0021450557,-0.019930698,-0.013315894,0.18409339,0.08104703,1.2116852,1.2066404,-0.014716528,0.27287173,0.7022091,1.1324493,-0.0008440167,0.034612127,0.014229111
